2026-03-15 10:56:41,20,59.7
2026-03-15 10:56:45,20.1,58.3
2026-03-15 10:56:47,20.1,57.8
2026-03-15 10:56:49,20.2,57.5
2026-03-15 10:56:51,20.2,57.1
2026-03-15 10:56:53,20.2,56.8
2026-03-15 10:56:55,20.3,56.6
2026-03-15 10:56:57,20.3,56.4
2026-03-15 10:56:59,20.3,56.2
2026-03-15 10:57:01,20.3,56.1
2026-03-15 10:57:03,20.3,56
2026-03-15 10:57:05,20.3,55.9
2026-03-15 10:57:07,20.3,55.9
2026-03-15 10:57:09,20.3,55.8
2026-03-15 10:57:11,20.4,55.8
2026-03-15 10:57:13,20.4,55.7
2026-03-15 10:57:15,20.4,55.7
2026-03-15 10:57:17,20.4,55.6
2026-03-15 10:57:19,20.5,55.5
2026-03-15 10:57:21,20.5,55.5
2026-03-15 10:57:23,20.5,55.4
2026-03-15 10:57:25,20.5,56.6
2026-03-15 10:57:27,20.5,57.1
2026-03-15 10:57:29,20.6,56.9
2026-03-15 10:57:31,20.6,56.6
2026-03-15 10:57:33,20.6,56.2
2026-03-15 10:57:35,20.6,56.1
2026-03-15 10:57:37,20.6,56
2026-03-15 10:57:39,20.7,55.8
2026-03-15 10:57:41,20.7,55.7
2026-03-15 10:57:43,20.7,56.1
2026-03-15 10:57:45,20.7,56.2
2026-03-15 10:57:47,20.8,57
2026-03-15 10:57:49,20.8,57.9
2026-03-15 10:57:51,20.8,59.3
2026-03-15 10:57:53,20.8,59.8
2026-03-15 10:57:55,20.9,60
2026-03-15 10:57:57,20.9,59.7
2026-03-15 10:57:59,20.9,59.4
2026-03-15 10:58:01,20.9,58.6
2026-03-15 10:58:03,21,58.5
2026-03-15 10:58:05,21,58.5
2026-03-15 10:58:07,21,57.9
2026-03-15 10:58:09,21,57.9
2026-03-15 10:58:11,21,57.9
2026-03-15 10:58:13,21.1,58.6
2026-03-15 10:58:15,21.1,59.1
2026-03-15 10:58:17,21.1,59.6
2026-03-15 10:58:19,21.1,59
2026-03-15 10:58:21,21.1,58.3
2026-03-15 10:58:23,21.1,57.9
2026-03-15 10:58:25,21.2,57.7
2026-03-15 10:58:27,21.2,58.1
2026-03-15 10:58:29,21.2,57.8
2026-03-15 10:58:31,21.2,57.9
2026-03-15 10:58:33,21.3,57.9
2026-03-15 10:58:35,21.3,58.9
2026-03-15 10:58:37,21.3,60.2
2026-03-15 10:58:39,21.3,60.8
2026-03-15 10:58:41,21.4,60.7
2026-03-15 10:58:43,21.4,60.3
2026-03-15 10:58:45,21.4,59.5
2026-03-15 10:58:47,21.4,58.6
2026-03-15 10:58:49,21.4,57.8
2026-03-15 10:58:51,21.4,57.1
2026-03-15 10:58:53,21.5,56.7
2026-03-15 10:58:55,21.5,56.7
2026-03-15 10:58:57,21.5,56.3
2026-03-15 10:58:59,21.5,55.9
2026-03-15 10:59:01,21.5,55.6
2026-03-15 10:59:03,21.5,55.4
2026-03-15 10:59:05,21.6,55.2
2026-03-15 10:59:07,21.6,55
2026-03-15 10:59:09,21.6,54.8
2026-03-15 10:59:11,21.6,54.7
2026-03-15 10:59:13,21.6,55.2
2026-03-15 10:59:15,21.6,55.2
2026-03-15 10:59:17,21.7,55.6
2026-03-15 10:59:19,21.7,55.9
2026-03-15 10:59:21,21.7,56.7
2026-03-15 10:59:23,21.7,57.1
2026-03-15 10:59:25,21.7,57
2026-03-15 10:59:27,21.7,56.5
2026-03-15 10:59:29,21.7,55.9
2026-03-15 10:59:31,21.7,55.4
2026-03-15 10:59:33,21.7,55
2026-03-15 10:59:35,21.8,54.6
2026-03-15 10:59:37,21.8,54.3
2026-03-15 11:02:01,22.3,52.8
2026-03-15 11:02:03,22.3,52.9
2026-03-15 11:02:05,22.3,52.7
2026-03-15 11:02:07,22.3,52.7
2026-03-15 11:02:09,22.3,52.7
2026-03-15 11:02:11,22.4,52.5
2026-03-15 11:02:13,22.4,52.5
2026-03-15 11:02:15,22.4,52.4
2026-03-15 11:02:17,22.4,52.2
2026-03-15 11:02:19,22.4,52
2026-03-15 11:02:21,22.4,51.7
2026-03-15 11:02:23,22.5,51.6
2026-03-15 11:02:25,22.5,51.5
2026-03-15 11:02:27,22.5,51.4
2026-03-15 11:02:29,22.5,51.2
2026-03-15 11:02:31,22.5,51.2
2026-03-15 11:02:33,22.5,51.5
2026-03-15 11:02:35,22.6,51.5
2026-03-15 11:02:37,22.6,51.4
2026-03-15 11:02:39,22.6,51.3
2026-03-15 11:02:41,22.6,51.4
2026-03-15 11:02:43,22.6,51.2
2026-03-15 11:02:45,22.6,51
2026-03-15 11:02:47,22.6,51
2026-03-15 11:02:49,22.7,50.9
2026-03-15 11:02:51,22.7,50.8
2026-03-15 11:02:53,22.7,50.7
2026-03-15 11:02:55,22.6,50.9
2026-03-15 11:02:57,22.6,50.9
2026-03-15 11:02:59,22.6,50.9
2026-03-15 11:03:01,22.6,50.8
2026-03-15 11:03:03,22.6,50.7
2026-03-15 11:03:05,22.6,50.6
2026-03-15 11:03:07,22.6,50.6
2026-03-15 11:03:09,22.5,50.5
2026-03-15 11:03:11,22.5,50.4
2026-03-15 11:03:13,22.5,50.4
2026-03-15 11:03:15,22.5,50.4
2026-03-15 11:03:17,22.5,50.4
2026-03-15 11:03:19,22.5,50.4
2026-03-15 11:03:21,22.5,50.7
2026-03-15 11:03:23,22.5,51.3
2026-03-15 11:03:25,22.6,51.5
2026-03-15 11:03:27,22.6,51.4
2026-03-15 11:03:29,22.6,51.3
2026-03-15 11:03:31,22.6,51.3
2026-03-15 11:03:33,22.6,51.2
2026-03-15 11:03:35,22.6,51.2
2026-03-15 11:03:37,22.6,51.3
2026-03-15 11:03:39,22.6,51.3
2026-03-15 11:03:41,22.6,51.9
2026-03-15 11:03:43,22.6,52.1
2026-03-15 11:03:45,22.6,52
2026-03-15 11:03:47,22.6,51.8
2026-03-15 11:03:49,22.6,51.6
2026-03-15 11:03:51,22.6,51.6
2026-03-15 11:03:53,22.6,51.4
2026-03-15 11:10:35,22.4,51
2026-03-15 11:10:37,22.4,51.1
2026-03-15 11:10:39,22.4,51
2026-03-15 11:10:41,22.4,51
2026-03-15 11:10:43,22.4,51
2026-03-15 11:10:45,22.4,51.1
2026-03-15 11:10:47,22.4,51.1
2026-03-15 11:10:49,22.4,51.3
2026-03-15 11:10:51,22.4,51.2
2026-03-15 11:10:53,22.4,51.2
2026-03-15 11:10:55,22.4,51.2
2026-03-15 11:10:57,22.4,51.2
2026-03-15 11:10:59,22.4,51.1
2026-03-15 11:11:01,22.4,51.1
2026-03-15 11:11:03,22.4,51.1
2026-03-15 11:11:05,22.4,51.2
2026-03-15 11:11:07,22.4,51.2
2026-03-15 11:11:09,22.4,51.1
2026-03-15 11:11:11,22.4,51.1
2026-03-15 11:11:13,22.4,51.1
2026-03-15 11:11:15,22.4,51.2
2026-03-15 11:11:17,22.4,51.2
2026-03-15 11:11:19,22.4,51.3
2026-03-15 11:11:21,22.4,51.4
2026-03-15 11:11:23,22.4,51.2
2026-03-15 11:11:25,22.4,51.1
2026-03-15 11:11:27,22.4,51.1
2026-03-15 11:11:29,22.4,51.2
2026-03-15 11:11:31,22.4,51.1
2026-03-15 11:11:33,22.4,51.1
2026-03-15 11:11:35,22.4,51.1
2026-03-15 11:11:37,22.4,51.1
2026-03-15 11:11:39,22.4,51.1
2026-03-15 11:11:41,22.4,51
2026-03-15 11:11:43,22.4,51
2026-03-15 11:11:45,22.4,51.2
2026-03-15 11:11:47,22.4,51.2
2026-03-15 11:11:49,22.4,51.2
2026-03-15 11:11:51,22.4,51.2
2026-03-15 11:11:53,22.5,51.2
2026-03-15 11:11:55,22.5,51.2
2026-03-15 11:11:57,22.5,51.1
2026-03-15 11:11:59,22.5,51.1
2026-03-15 11:12:01,22.5,51.1
2026-03-15 11:12:03,22.5,51.1
2026-03-15 11:12:05,22.5,51.1
2026-03-15 11:12:07,22.5,51.2
2026-03-15 11:12:09,22.5,51.2
2026-03-15 11:12:11,22.5,51.1
2026-03-15 11:12:13,22.5,51
2026-03-15 11:12:15,22.5,51
2026-03-15 11:12:17,22.5,50.9
2026-03-15 11:12:19,22.5,50.9
2026-03-15 11:12:21,22.5,50.8
2026-03-15 11:12:23,22.5,50.8
2026-03-15 11:12:25,22.5,50.7
2026-03-15 11:12:27,22.5,50.6
2026-03-15 11:12:29,22.5,50.6
2026-03-15 11:12:31,22.4,50.6
2026-03-15 11:12:33,22.4,50.6
2026-03-15 11:12:35,22.4,50.6
2026-03-15 11:12:37,22.4,50.6
2026-03-15 11:12:39,22.4,50.6
2026-03-15 11:12:41,22.4,50.6
2026-03-15 11:12:43,22.4,50.7
2026-03-15 11:12:45,22.4,50.7
2026-03-15 11:12:47,22.4,50.7
2026-03-15 11:12:49,22.4,50.7
2026-03-15 11:12:51,22.4,50.8
2026-03-15 11:12:53,22.4,50.9
2026-03-15 11:12:55,22.4,51
2026-03-15 11:12:57,22.4,51
2026-03-15 11:12:59,22.4,51
2026-03-15 11:13:01,22.4,51.1
2026-03-15 11:13:03,22.4,51.1
2026-03-15 11:13:05,22.4,51.2
2026-03-15 11:13:07,22.4,51.2
2026-03-15 11:13:09,22.4,51.2
2026-03-15 11:13:11,22.4,51.2
2026-03-15 11:13:13,22.4,51.2
2026-03-15 11:13:15,22.4,51.2
2026-03-15 11:13:17,22.4,51.3
2026-03-15 11:13:19,22.4,51.3
2026-03-15 11:13:21,22.4,51.3
2026-03-15 11:13:23,22.4,51.2
2026-03-15 11:13:25,22.4,51.2
2026-03-15 11:13:27,22.4,51.1
2026-03-15 11:13:29,22.4,51.2
2026-03-15 11:13:31,22.4,51.2
2026-03-15 11:13:33,22.4,51.3
2026-03-15 11:13:35,22.5,51.3
2026-03-15 11:13:37,22.5,51.2
2026-03-15 11:13:39,22.5,51.2
2026-03-15 11:13:41,22.5,51.1
2026-03-15 11:13:43,22.5,51.1
2026-03-15 11:13:45,22.5,51
2026-03-15 11:13:47,22.5,51
2026-03-15 11:13:49,22.5,51
2026-03-15 11:13:51,22.5,51.2
2026-03-15 11:13:53,22.5,51.2
2026-03-15 11:13:55,22.5,51.1
2026-03-15 11:13:57,22.5,51.1
2026-03-15 11:13:59,22.5,51.1
2026-03-15 11:14:01,22.5,51.1
2026-03-15 11:14:03,22.5,51.1
2026-03-15 11:14:05,22.5,51
2026-03-15 11:14:07,22.5,51.1
2026-03-15 11:14:09,22.5,51.4
2026-03-15 11:14:11,22.5,51.4
2026-03-15 11:14:13,22.5,51.4
2026-03-15 11:14:15,22.5,51.3
2026-03-15 11:14:17,22.5,51.4
2026-03-15 11:14:19,22.5,51.3
2026-03-15 11:14:21,22.5,51.3
2026-03-15 11:14:23,22.5,51.3
2026-03-15 11:14:25,22.6,51.3
2026-03-15 11:14:27,22.6,51.3
2026-03-15 11:14:29,22.6,51.3
2026-03-15 11:14:31,22.6,51.3
2026-03-15 11:14:33,22.6,51.3
2026-03-15 11:14:35,22.6,51.4
2026-03-15 11:14:37,22.6,51.6
2026-03-15 11:14:39,22.6,51.5
2026-03-15 11:14:41,22.6,51.4
2026-03-15 11:14:43,22.6,51.3
2026-03-15 11:14:45,22.6,51.4
2026-03-15 11:14:47,22.6,51.5
2026-03-15 11:14:49,22.6,51.5
2026-03-15 11:14:51,22.6,51.6
2026-03-15 11:14:53,22.6,51.6
2026-03-15 11:14:55,22.6,51.6
2026-03-15 11:14:57,22.6,51.5
2026-03-15 11:14:59,22.7,51.4
2026-03-15 11:15:01,22.6,51.3
2026-03-15 11:15:03,22.6,51.2
2026-03-15 11:15:05,22.6,51.2
2026-03-15 11:15:07,22.6,51.1
2026-03-15 11:15:09,22.6,51
2026-03-15 11:15:11,22.6,51
2026-03-15 11:15:13,22.6,51
2026-03-15 11:15:15,22.6,51
2026-03-15 11:15:17,22.6,51.1
2026-03-15 11:15:19,22.6,51.1
2026-03-15 11:15:21,22.6,51.2
2026-03-15 11:15:23,22.6,51.2
2026-03-15 11:15:25,22.6,51.2
2026-03-15 11:15:27,22.6,51.2
2026-03-15 11:15:29,22.6,51.2
2026-03-15 11:15:31,22.6,51.1
2026-03-15 11:15:33,22.6,51.1
2026-03-15 11:15:35,22.6,51
2026-03-15 11:15:37,22.6,51
2026-03-15 11:15:39,22.6,51
2026-03-15 11:15:41,22.5,51
2026-03-15 11:15:43,22.5,51
2026-03-15 11:15:45,22.5,51
2026-03-15 11:15:47,22.5,51
2026-03-15 11:15:49,22.5,51
2026-03-15 11:15:51,22.5,51.1
2026-03-15 11:15:53,22.5,51.1
2026-03-15 11:15:55,22.5,51
2026-03-15 11:15:57,22.5,51
2026-03-15 11:15:59,22.5,51
2026-03-15 11:16:01,22.5,51
2026-03-15 11:16:03,22.5,51
2026-03-15 11:16:05,22.5,51.1
2026-03-15 11:16:07,22.5,51.1
2026-03-15 11:16:09,22.5,51.1
2026-03-15 11:16:11,22.5,51.1
2026-03-15 11:16:13,22.5,51.1
2026-03-15 11:16:15,22.5,51
2026-03-15 11:16:17,22.5,50.9
2026-03-15 11:16:19,22.5,50.9
2026-03-15 11:16:21,22.5,50.9
2026-03-15 11:16:23,22.5,50.9
2026-03-15 11:16:25,22.5,50.9
2026-03-15 11:16:27,22.5,50.9
2026-03-15 11:16:29,22.5,50.9
2026-03-15 11:16:31,22.5,50.8
2026-03-15 11:16:33,22.5,50.9
2026-03-15 11:16:35,22.5,50.8
2026-03-15 11:16:37,22.4,50.9
2026-03-15 11:16:39,22.4,50.9
2026-03-15 11:16:41,22.4,50.9
2026-03-15 11:16:43,22.4,50.9
2026-03-15 11:16:45,22.4,50.9
2026-03-15 11:16:47,22.4,50.9
2026-03-15 11:16:49,22.4,50.9
2026-03-15 11:16:51,22.4,51
2026-03-15 11:16:53,22.4,51.1
2026-03-15 11:16:55,22.4,51.3
2026-03-15 11:16:57,22.4,51.4
2026-03-15 11:16:59,22.4,51.4
2026-03-15 11:17:01,22.4,51.4
2026-03-15 11:17:03,22.4,51.4
2026-03-15 11:17:05,22.4,51.4
2026-03-15 11:17:07,22.4,51.3
2026-03-15 11:17:09,22.4,51.3
2026-03-15 11:17:11,22.4,51.2
2026-03-15 11:17:13,22.4,51.2
2026-03-15 11:17:15,22.4,51.2
2026-03-15 11:17:17,22.4,51.3
2026-03-15 11:17:19,22.4,51.3
2026-03-15 11:17:21,22.5,51.5
2026-03-15 11:17:23,22.5,51.6
2026-03-15 11:17:25,22.5,51.6
2026-03-15 11:17:27,22.5,51.6
2026-03-15 11:17:29,22.5,51.6
2026-03-15 11:17:31,22.5,51.6
2026-03-15 11:17:33,22.5,51.6
2026-03-15 11:17:35,22.5,51.6
2026-03-15 11:17:37,22.5,51.6
2026-03-15 11:17:39,22.5,51.6
2026-03-15 11:17:41,22.5,51.7
2026-03-15 11:17:43,22.5,51.8
2026-03-15 11:17:45,22.5,51.8
2026-03-15 11:17:47,22.5,51.8
2026-03-15 11:17:49,22.5,51.7
2026-03-15 11:17:51,22.5,51.7
2026-03-15 11:17:53,22.5,51.5
2026-03-15 11:17:55,22.4,51.4
2026-03-15 11:17:57,22.4,51.4
2026-03-15 11:17:59,22.4,51.4
2026-03-15 11:18:01,22.4,51.4
2026-03-15 11:18:03,22.4,51.4
2026-03-15 11:18:05,22.4,51.4
2026-03-15 11:18:07,22.4,51.4
2026-03-15 11:18:09,22.4,51.4
2026-03-15 11:18:11,22.4,51.5
2026-03-15 11:18:13,22.4,51.5
2026-03-15 11:18:15,22.4,51.5
2026-03-15 11:18:17,22.4,51.6
2026-03-15 11:18:19,22.4,51.6
2026-03-15 11:18:21,22.4,51.6
2026-03-15 11:18:23,22.4,51.6
2026-03-15 11:18:25,22.4,51.7
2026-03-15 11:18:27,22.4,51.7
2026-03-15 11:18:29,22.4,51.7
2026-03-15 11:18:31,22.4,51.8
2026-03-15 11:18:33,22.4,51.8
2026-03-15 11:18:35,22.4,51.7
2026-03-15 11:18:37,22.4,51.7
2026-03-15 11:18:39,22.4,51.7
2026-03-15 11:18:41,22.4,51.6
2026-03-15 11:18:43,22.4,51.5
2026-03-15 11:18:45,22.4,51.5
2026-03-15 11:18:47,22.4,51.4
2026-03-15 11:18:49,22.4,51.5
2026-03-15 11:18:51,22.4,51.5
2026-03-15 11:18:53,22.4,51.5
2026-03-15 11:18:55,22.3,51.5
2026-03-15 11:18:57,22.3,51.4
2026-03-15 11:18:59,22.3,51.4
2026-03-15 11:19:01,22.3,51.4
2026-03-15 11:19:03,22.3,51.4
2026-03-15 11:19:05,22.3,51.4
2026-03-15 11:19:07,22.3,51.5
2026-03-15 11:19:09,22.3,51.6
2026-03-15 11:19:11,22.3,51.6
2026-03-15 11:19:13,22.3,51.6
2026-03-15 11:19:15,22.3,51.6
2026-03-15 11:19:17,22.3,51.6
2026-03-15 11:19:19,22.2,51.6
2026-03-15 11:19:21,22.2,51.5
2026-03-15 11:19:23,22.2,51.5
2026-03-15 11:19:25,22.2,51.6
2026-03-15 11:19:27,22.2,51.6
2026-03-15 11:19:29,22.2,51.7
2026-03-15 11:19:31,22.2,51.7
2026-03-15 11:19:33,22.2,51.7
2026-03-15 11:19:35,22.2,51.7
2026-03-15 11:19:37,22.2,51.7
2026-03-15 11:21:30,22.2,52.5
2026-03-15 11:21:32,22.2,52.4
2026-03-15 11:21:34,22.2,52.4
2026-03-15 11:21:36,22.2,52.3
2026-03-15 11:21:38,22.2,52.2
2026-03-15 11:21:40,22.2,52.2
2026-03-15 11:21:42,22.2,52.2
2026-03-15 11:21:44,22.2,52.2
2026-03-15 11:21:46,22.2,52.3
2026-03-15 11:21:48,22.2,52.2
2026-03-15 11:21:50,22.2,52.1
2026-03-15 11:21:52,22.2,52.1
2026-03-15 11:21:54,22.2,52
2026-03-15 11:21:56,22.2,52
2026-03-15 11:21:58,22.2,52
2026-03-15 11:22:00,22.2,52
2026-03-15 11:22:02,22.2,52
2026-03-15 11:22:04,22.2,52
2026-03-15 11:22:06,22.2,52
2026-03-15 11:22:08,22.2,52
2026-03-15 11:22:10,22.2,52
2026-03-15 11:22:12,22.2,52
2026-03-15 11:22:14,22.2,51.9
2026-03-15 11:22:16,22.2,51.9
2026-03-15 11:22:18,22.2,51.9
2026-03-15 11:22:20,22.2,51.9
2026-03-15 11:22:22,22.2,52
2026-03-15 11:22:24,22.1,52
2026-03-15 11:22:26,22.1,52
2026-03-15 11:22:28,22.1,52
2026-03-15 11:22:30,22.1,52
2026-03-15 11:22:32,22.1,52
2026-03-15 11:22:34,22.1,52
2026-03-15 11:22:36,22.1,52
2026-03-15 11:22:38,22.2,52.1
2026-03-15 11:22:40,22.2,52.3
2026-03-15 11:22:42,22.2,52.6
2026-03-15 11:22:44,22.2,52.6
2026-03-15 11:22:46,22.2,52.5
2026-03-15 11:22:48,22.2,52.4
2026-03-15 11:22:50,22.2,52.3
2026-03-15 11:22:52,22.2,52.3
2026-03-15 11:22:54,22.2,52.3
2026-03-15 11:22:56,22.2,52.3
2026-03-15 11:22:58,22.2,52.3
2026-03-15 11:23:00,22.2,52.3
2026-03-15 11:23:02,22.2,52.2
2026-03-15 11:23:04,22.2,52.2
2026-03-15 11:23:06,22.2,52.2
2026-03-15 11:23:08,22.3,52.2
2026-03-15 11:23:10,22.2,52.1
2026-03-15 11:23:12,22.2,52.1
2026-03-15 11:23:14,22.2,52.1
2026-03-15 11:23:16,22.2,52.1
2026-03-15 11:23:18,22.2,52.1
2026-03-15 11:23:20,22.2,52.1
2026-03-15 11:23:22,22.2,52.2
2026-03-15 11:24:59,22.4,51.7
2026-03-15 11:25:01,22.5,51.7
2026-03-15 11:25:03,22.4,51.6
2026-03-15 11:25:05,22.4,51.6
2026-03-15 11:25:07,22.4,51.5
2026-03-15 11:25:09,22.4,51.5
2026-03-15 11:25:11,22.4,51.5
2026-03-15 11:25:13,22.5,51.5
2026-03-15 11:25:15,22.5,51.5
2026-03-15 11:25:17,22.5,51.4
2026-03-15 11:25:19,22.5,51.4
2026-03-15 11:25:21,22.5,51.4
2026-03-15 11:25:23,22.5,51.4
2026-03-15 11:25:25,22.5,51.4
2026-03-15 11:25:27,22.4,51.4
2026-03-15 11:25:29,22.4,51.4
2026-03-15 11:25:31,22.5,51.4
2026-03-15 11:25:33,22.5,51.5
2026-03-15 11:25:35,22.5,51.5
2026-03-15 11:25:37,22.5,51.5
2026-03-15 11:25:39,22.5,51.5
2026-03-15 11:25:41,22.5,51.5
2026-03-15 11:25:43,22.5,51.5
2026-03-15 11:25:45,22.5,51.5
2026-03-15 11:25:47,22.5,51.5
2026-03-15 11:25:49,22.5,51.5
2026-03-15 11:25:51,22.5,51.5
2026-03-15 11:25:53,22.5,51.5
2026-03-15 11:25:55,22.5,51.5
2026-03-15 11:25:57,22.5,51.4
2026-03-15 11:25:59,22.5,51.4
2026-03-15 11:26:01,22.5,51.4
2026-03-15 11:26:03,22.5,51.4
2026-03-15 11:26:05,22.5,51.4
2026-03-15 11:26:07,22.6,51.4
2026-03-15 11:26:09,22.6,51.3
2026-03-15 11:26:11,22.6,51.3
2026-03-15 11:26:13,22.6,51.3
2026-03-15 11:26:15,22.6,51.2
2026-03-15 11:26:17,22.6,51.2
2026-03-15 11:26:19,22.6,51.2
2026-03-15 11:26:21,22.6,51.2
2026-03-15 11:26:23,22.6,51.2
2026-03-15 11:26:25,22.6,51.2
2026-03-15 11:26:27,22.6,51.2
2026-03-15 11:26:29,22.6,51.2
2026-03-15 11:26:31,22.6,51.2
2026-03-15 11:26:33,22.6,51.2
2026-03-15 11:26:35,22.6,51.3
2026-03-15 11:26:37,22.6,51.3
2026-03-15 11:26:39,22.6,51.3
2026-03-15 11:26:41,22.6,51.3
2026-03-15 11:26:43,22.6,51.3
2026-03-15 11:26:46,22.6,51.3
2026-03-15 11:26:48,22.6,51.3
2026-03-15 11:26:50,22.6,51.3
2026-03-15 11:26:52,22.6,51.3
2026-03-15 11:26:54,22.6,51.4
2026-03-15 11:26:56,22.6,51.4
2026-03-15 11:26:58,22.6,51.4
2026-03-15 11:27:00,22.6,51.3
2026-03-15 11:27:02,22.6,51.3
2026-03-15 11:27:04,22.6,51.3
2026-03-15 11:27:06,22.6,51.3
2026-03-15 11:27:08,22.6,51.2
2026-03-15 11:27:10,22.6,51.2
2026-03-15 11:27:12,22.6,51.2
2026-03-15 11:27:14,22.6,51.2
2026-03-15 11:27:16,22.6,51.2
2026-03-15 11:27:18,22.6,51.2
2026-03-15 11:27:20,22.6,51.2
2026-03-15 11:27:22,22.6,51.1
2026-03-15 11:27:24,22.6,51.1
2026-03-15 11:27:26,22.7,51.1
2026-03-15 11:27:28,22.6,51.1
2026-03-15 11:27:30,22.6,51.1
2026-03-15 11:27:32,22.6,51.1
2026-03-15 11:27:34,22.6,51.1
2026-03-15 11:27:36,22.6,51.1
2026-03-15 11:27:38,22.6,51.1
2026-03-15 11:27:40,22.6,51.1
2026-03-15 11:27:42,22.6,51.1
2026-03-15 11:27:44,22.6,51.1
2026-03-15 11:27:46,22.6,51.1
2026-03-15 11:27:48,22.6,51.1
2026-03-15 11:27:50,22.6,51.1
2026-03-15 11:27:52,22.6,51.1
2026-03-15 11:27:54,22.6,51.1
2026-03-15 11:27:56,22.6,51.1
2026-03-15 11:27:58,22.6,51.1
2026-03-15 11:28:00,22.6,51.1
2026-03-15 11:28:02,22.6,51.1
2026-03-15 11:28:04,22.6,51.1
2026-03-15 11:28:06,22.6,51.1
2026-03-15 11:28:08,22.7,51.1
2026-03-15 11:28:10,22.6,51.1
2026-03-15 11:28:12,22.6,51.1
2026-03-15 11:28:14,22.6,51.2
2026-03-15 11:28:16,22.6,51.2
2026-03-15 11:28:18,22.6,51.2
2026-03-15 11:28:20,22.7,51.1
2026-03-15 11:28:22,22.7,51.2
2026-03-15 11:28:24,22.7,51.2
2026-03-15 11:28:26,22.7,51.1
2026-03-15 11:28:28,22.7,51.1
2026-03-15 11:28:30,22.7,51.1
2026-03-15 11:28:32,22.7,51.1
2026-03-15 11:28:34,22.7,51.1
2026-03-15 11:28:36,22.7,51
2026-03-15 11:28:38,22.7,51
2026-03-15 11:28:40,22.7,51
2026-03-15 11:28:42,22.7,51.1
2026-03-15 11:28:44,22.6,51.1
2026-03-15 11:28:46,22.6,51.1
2026-03-15 11:28:48,22.6,51.1
2026-03-15 11:28:50,22.6,51.1
2026-03-15 11:28:52,22.6,51.1
2026-03-15 11:28:54,22.6,51.1
2026-03-15 11:28:56,22.6,51.2
2026-03-15 11:28:58,22.6,51.1
2026-03-15 11:29:00,22.6,51.2
2026-03-15 11:29:02,22.6,51.2
2026-03-15 11:29:04,22.6,51.2
2026-03-15 11:29:06,22.7,51.2
2026-03-15 11:29:08,22.7,51.2
2026-03-15 11:29:10,22.7,51.2
2026-03-15 11:29:12,22.7,51.1
2026-03-15 11:29:14,22.7,51.1
2026-03-15 11:29:16,22.6,51.1
2026-03-15 11:29:18,22.6,51.1
2026-03-15 11:29:20,22.6,51.1
2026-03-15 11:29:22,22.6,51
2026-03-15 11:29:24,22.6,51
2026-03-15 11:29:26,22.6,51
2026-03-15 11:29:28,22.6,51.1
2026-03-15 11:29:30,22.6,51.1
2026-03-15 11:29:32,22.6,51.1
2026-03-15 11:29:34,22.6,51.1
2026-03-15 11:29:36,22.6,51.1
2026-03-15 11:29:38,22.6,51.2
2026-03-15 11:29:40,22.7,51.2
2026-03-15 11:29:42,22.7,51.2
2026-03-15 11:29:44,22.6,51.2
2026-03-15 11:29:46,22.7,51.2
2026-03-15 11:29:48,22.6,51.2
2026-03-15 11:29:50,22.7,51.3
2026-03-15 11:29:52,22.7,51.3
2026-03-15 11:29:54,22.7,51.4
2026-03-15 11:29:56,22.7,51.4
2026-03-15 11:29:58,22.7,51.3
2026-03-15 11:30:00,22.7,51.3
2026-03-15 11:30:02,22.7,51.2
2026-03-15 11:30:04,22.7,51.1
2026-03-15 11:30:06,22.7,51
2026-03-15 11:30:08,22.6,51
2026-03-15 11:30:10,22.6,50.9
2026-03-15 11:30:12,22.6,50.9
2026-03-15 11:30:14,22.6,50.9
2026-03-15 11:30:16,22.6,50.9
2026-03-15 11:30:18,22.6,51
2026-03-15 11:30:20,22.6,51
2026-03-15 11:30:22,22.6,51
2026-03-15 11:30:24,22.6,51
2026-03-15 11:30:26,22.6,51
2026-03-15 11:30:28,22.6,51
2026-03-15 11:30:30,22.6,51
2026-03-15 11:30:32,22.6,51
2026-03-15 11:30:34,22.6,51
2026-03-15 11:30:36,22.6,51.1
2026-03-15 11:30:38,22.6,51.1
2026-03-15 11:30:40,22.6,51.1
2026-03-15 11:30:42,22.6,51.1
2026-03-15 11:30:44,22.6,51.1
2026-03-15 11:30:46,22.6,51.1
2026-03-15 11:30:48,22.6,51.1
2026-03-15 11:30:50,22.6,51.1
2026-03-15 11:30:52,22.6,51.1
2026-03-15 11:30:54,22.6,51.1
2026-03-15 11:30:56,22.7,51
2026-03-15 11:30:58,22.7,51
2026-03-15 11:31:00,22.7,51
2026-03-15 11:31:02,22.7,51
2026-03-15 11:31:04,22.7,51
2026-03-15 11:31:06,22.7,51
2026-03-15 11:31:08,22.7,50.9
2026-03-15 11:31:10,22.7,50.9
2026-03-15 11:31:12,22.7,50.9
2026-03-15 11:31:14,22.7,50.9
2026-03-15 11:31:16,22.7,50.9
2026-03-15 11:31:18,22.7,50.9
2026-03-15 11:31:20,22.7,50.9
2026-03-15 11:31:22,22.7,50.9
2026-03-15 11:31:24,22.7,50.9
2026-03-15 11:31:26,22.7,50.9
2026-03-15 11:31:28,22.7,50.9
2026-03-15 11:31:30,22.7,50.9
2026-03-15 11:31:32,22.7,50.9
2026-03-15 11:31:34,22.7,50.9
2026-03-15 11:31:36,22.7,50.9
2026-03-15 11:31:38,22.7,50.9
2026-03-15 11:31:40,22.7,51
2026-03-15 11:31:42,22.7,51
2026-03-15 11:31:44,22.7,51
2026-03-15 11:31:46,22.7,51
2026-03-15 11:31:48,22.7,51.1
2026-03-15 11:31:50,22.7,51.1
2026-03-15 11:31:52,22.7,51.2
2026-03-15 11:31:54,22.7,51.3
2026-03-15 11:31:56,22.7,51.2
2026-03-15 11:31:58,22.7,51.2
2026-03-15 11:32:00,22.7,51.2
2026-03-15 11:32:02,22.7,51.1
2026-03-15 11:32:04,22.7,51.1
2026-03-15 11:32:06,22.7,51
2026-03-15 11:32:08,22.7,51
2026-03-15 11:32:10,22.7,51
2026-03-15 11:32:12,22.7,51
2026-03-15 11:32:14,22.7,51
2026-03-15 11:32:16,22.7,51
2026-03-15 11:32:18,22.7,51
2026-03-15 11:32:20,22.7,51
2026-03-15 11:32:22,22.7,50.9
2026-03-15 11:32:24,22.7,50.9
2026-03-15 11:32:26,22.7,50.9
2026-03-15 11:32:28,22.7,50.9
2026-03-15 11:32:30,22.7,51
2026-03-15 11:32:32,22.7,51
2026-03-15 11:32:34,22.7,51
2026-03-15 11:32:36,22.7,51
2026-03-15 11:32:38,22.7,51.3
2026-03-15 11:32:40,22.7,51.3
2026-03-15 11:32:42,22.7,51.2
2026-03-15 11:32:44,22.7,51.1
2026-03-15 11:32:46,22.7,51
2026-03-15 11:32:48,22.7,50.9
2026-03-15 11:32:50,22.7,50.9
2026-03-15 11:32:52,22.7,50.8
2026-03-15 11:32:54,22.7,50.8
2026-03-15 11:32:56,22.7,50.8
2026-03-15 11:32:58,22.7,50.8
2026-03-15 11:33:00,22.7,50.8
2026-03-15 11:33:02,22.7,50.8
2026-03-15 11:33:04,22.7,50.9
2026-03-15 11:33:06,22.7,50.9
2026-03-15 11:33:08,22.7,50.9
2026-03-15 11:33:10,22.7,51
2026-03-15 11:33:12,22.7,50.9
2026-03-15 11:33:14,22.7,50.9
2026-03-15 11:33:16,22.7,50.9
2026-03-15 11:33:18,22.7,50.9
2026-03-15 11:33:20,22.7,50.9
2026-03-15 11:33:22,22.7,50.9
2026-03-15 11:33:24,22.7,50.9
2026-03-15 11:33:26,22.7,50.9
2026-03-15 11:33:28,22.7,51
2026-03-15 11:33:30,22.7,51
2026-03-15 11:33:32,22.7,51
2026-03-15 11:33:34,22.7,51
2026-03-15 11:33:36,22.7,51
2026-03-15 11:33:38,22.7,51
2026-03-15 11:33:40,22.7,51
2026-03-15 11:33:42,22.7,51
2026-03-15 11:33:44,22.7,51
2026-03-15 11:33:46,22.7,51
2026-03-15 11:33:48,22.7,51
2026-03-15 11:33:50,22.7,50.9
2026-03-15 11:33:52,22.7,50.9
2026-03-15 11:33:54,22.7,50.9
2026-03-15 11:33:56,22.7,50.9
2026-03-15 11:33:58,22.7,50.9
2026-03-15 11:34:00,22.7,50.9
2026-03-15 11:34:02,22.7,50.9
2026-03-15 11:34:04,22.7,50.9
2026-03-15 11:34:06,22.7,50.9
2026-03-15 11:34:08,22.7,50.9
2026-03-15 11:34:10,22.7,50.9
2026-03-15 11:34:12,22.7,50.9
2026-03-15 11:34:14,22.7,51
2026-03-15 11:34:16,22.7,50.9
2026-03-15 11:34:18,22.7,51
2026-03-15 11:34:20,22.7,51
2026-03-15 11:34:22,22.7,51
2026-03-15 11:34:24,22.7,51
2026-03-15 11:34:26,22.7,51
2026-03-15 11:34:28,22.7,51.1
2026-03-15 11:34:30,22.7,51.1
2026-03-15 11:34:32,22.7,51.1
2026-03-15 11:34:34,22.8,51.1
2026-03-15 11:34:36,22.8,51.1
2026-03-15 11:34:38,22.8,51.1
2026-03-15 11:34:40,22.8,51.1
2026-03-15 11:34:42,22.8,51.1
2026-03-15 11:34:44,22.8,51.1
2026-03-15 11:34:46,22.8,51.1
2026-03-15 11:34:48,22.8,51.1
2026-03-15 11:34:50,22.8,51.1
2026-03-15 11:34:52,22.8,51
2026-03-15 11:34:54,22.8,51
2026-03-15 11:34:56,22.8,51.1
2026-03-15 11:34:58,22.8,51.1
2026-03-15 11:35:00,22.8,51.1
2026-03-15 11:35:02,22.8,51.1
2026-03-15 11:35:04,22.8,51.2
2026-03-15 11:35:06,22.8,51.1
2026-03-15 11:35:08,22.8,51.1
2026-03-15 11:35:10,22.8,51.1
2026-03-15 11:35:12,22.8,51.2
2026-03-15 11:35:14,22.7,51.2
2026-03-15 11:35:16,22.8,51.2
2026-03-15 11:35:18,22.8,51.2
2026-03-15 11:35:20,22.8,51.1
2026-03-15 11:35:22,22.8,51
2026-03-15 11:35:24,22.8,51
2026-03-15 11:35:26,22.7,50.9
2026-03-15 11:35:28,22.7,50.9
2026-03-15 11:35:30,22.7,50.9
2026-03-15 11:35:32,22.7,50.8
2026-03-15 11:35:34,22.7,50.8
2026-03-15 11:35:36,22.7,50.8
2026-03-15 11:35:38,22.7,50.8
2026-03-15 11:35:40,22.7,50.8
2026-03-15 11:35:42,22.7,50.8
2026-03-15 11:35:44,22.7,50.8
2026-03-15 11:35:46,22.7,50.8
2026-03-15 11:35:48,22.7,50.8
2026-03-15 11:35:50,22.7,50.8
2026-03-15 11:35:52,22.7,50.8
2026-03-15 11:35:54,22.7,50.8
2026-03-15 11:35:56,22.7,50.8
2026-03-15 11:35:58,22.7,50.8
2026-03-15 11:36:00,22.7,50.8
2026-03-15 11:36:02,22.7,50.9
2026-03-15 11:36:04,22.7,51
2026-03-15 11:36:06,22.7,51
2026-03-15 11:36:08,22.7,51.1
2026-03-15 11:36:10,22.7,51.1
2026-03-15 11:36:12,22.7,51.2
2026-03-15 11:36:14,22.8,51.1
2026-03-15 11:36:16,22.8,51.1
2026-03-15 11:36:18,22.8,51.1
2026-03-15 11:36:20,22.8,51.1
2026-03-15 11:36:22,22.8,51.1
2026-03-15 11:36:24,22.8,51
2026-03-15 11:36:26,22.8,51
2026-03-15 11:36:28,22.8,51
2026-03-15 11:36:30,22.8,50.9
2026-03-15 11:36:32,22.8,50.9
2026-03-15 11:36:34,22.8,50.9
2026-03-15 11:36:36,22.8,50.9
2026-03-15 11:36:38,22.8,50.9
2026-03-15 11:36:40,22.8,50.9
2026-03-15 11:36:42,22.8,50.9
2026-03-15 11:36:44,22.8,50.9
2026-03-15 11:36:46,22.8,50.9
2026-03-15 11:36:48,22.8,50.9
2026-03-15 11:36:50,22.8,50.9
2026-03-15 11:36:52,22.8,50.9
2026-03-15 11:36:54,22.8,50.9
2026-03-15 11:36:56,22.8,50.9
2026-03-15 11:36:58,22.8,50.9
2026-03-15 11:37:00,22.7,50.9
2026-03-15 11:37:02,22.7,50.9
2026-03-15 11:37:04,22.8,50.9
2026-03-15 11:37:06,22.8,50.9
2026-03-15 11:37:08,22.8,50.9
2026-03-15 11:37:10,22.8,50.9
2026-03-15 11:37:12,22.8,50.9
2026-03-15 11:37:14,22.8,50.9
2026-03-15 11:37:16,22.8,50.9
2026-03-15 11:37:18,22.8,50.9
2026-03-15 11:37:20,22.8,50.9
2026-03-15 11:37:22,22.8,50.9
2026-03-15 11:37:24,22.7,50.9
2026-03-15 11:37:26,22.7,50.9
2026-03-15 11:37:28,22.7,50.9
2026-03-15 11:37:30,22.7,51
2026-03-15 11:37:32,22.8,51
2026-03-15 11:37:34,22.8,51.1
2026-03-15 11:37:36,22.7,51.1
2026-03-15 11:37:38,22.7,51.1
2026-03-15 11:37:40,22.7,51.1
2026-03-15 11:37:42,22.8,51.1
2026-03-15 11:37:44,22.8,51.1
2026-03-15 11:37:46,22.8,51
2026-03-15 11:37:48,22.7,50.9
2026-03-15 11:37:50,22.8,50.9
2026-03-15 11:37:52,22.8,50.9
2026-03-15 11:37:54,22.8,50.9
2026-03-15 11:37:56,22.8,50.9
2026-03-15 11:37:58,22.8,50.9
2026-03-15 11:38:00,22.8,50.9
2026-03-15 11:38:02,22.8,51
2026-03-15 11:38:04,22.8,51
2026-03-15 11:38:06,22.8,51
2026-03-15 11:38:08,22.8,51
2026-03-15 11:38:10,22.8,51.1
2026-03-15 11:38:12,22.8,51.1
2026-03-15 11:38:14,22.8,51.1
2026-03-15 11:38:16,22.8,51
2026-03-15 11:38:18,22.8,51
2026-03-15 11:38:20,22.8,51
2026-03-15 11:38:22,22.8,50.9
2026-03-15 11:38:24,22.8,50.9
2026-03-15 11:38:26,22.8,50.9
2026-03-15 11:38:28,22.8,50.9
2026-03-15 11:38:30,22.8,50.9
2026-03-15 11:38:32,22.8,50.9
2026-03-15 11:38:34,22.8,50.9
2026-03-15 11:38:36,22.8,50.9
2026-03-15 11:38:38,22.8,51
2026-03-15 11:38:40,22.8,50.9
2026-03-15 11:38:42,22.8,50.9
2026-03-15 11:38:44,22.8,50.9
2026-03-15 11:38:46,22.8,50.9
2026-03-15 11:38:48,22.8,50.8
2026-03-15 11:38:50,22.8,50.8
2026-03-15 11:38:52,22.8,50.8
2026-03-15 11:38:54,22.8,50.8
2026-03-15 11:38:56,22.8,50.8
2026-03-15 11:38:58,22.8,50.9
2026-03-15 11:39:00,22.8,50.9
2026-03-15 11:39:02,22.8,50.9
2026-03-15 11:39:04,22.8,50.9
2026-03-15 11:39:06,22.8,50.8
2026-03-15 11:39:08,22.8,50.8
2026-03-15 11:39:10,22.8,50.9
2026-03-15 11:39:12,22.8,50.9
2026-03-15 11:39:14,22.8,50.9
2026-03-15 11:39:16,22.8,50.9
2026-03-15 11:39:18,22.8,50.9
2026-03-15 11:39:20,22.8,50.9
2026-03-15 11:39:22,22.8,50.9
2026-03-15 11:39:24,22.8,50.9
2026-03-15 11:39:26,22.8,50.9
2026-03-15 11:39:28,22.8,50.9
2026-03-15 11:39:30,22.8,50.9
2026-03-15 11:39:32,22.8,50.9
2026-03-15 11:39:34,22.8,51
2026-03-15 11:39:36,22.8,51
2026-03-15 11:39:38,22.8,51
2026-03-15 11:39:40,22.8,51
2026-03-15 11:39:42,22.8,51
2026-03-15 11:39:44,22.8,51
2026-03-15 11:39:46,22.8,51
2026-03-15 11:39:48,22.8,51
2026-03-15 11:39:50,22.8,51
2026-03-15 11:39:52,22.8,51
2026-03-15 11:39:54,22.8,51
2026-03-15 11:39:56,22.8,51
2026-03-15 11:39:58,22.8,51
2026-03-15 11:40:00,22.8,51
2026-03-15 11:40:02,22.8,51
2026-03-15 11:40:04,22.8,51
2026-03-15 11:40:06,22.8,50.9
2026-03-15 11:40:08,22.8,50.9
2026-03-15 11:40:10,22.9,50.9
2026-03-15 11:40:12,22.9,50.9
2026-03-15 11:40:14,22.9,50.9
2026-03-15 11:40:16,22.9,50.9
2026-03-15 11:40:18,22.9,50.9
2026-03-15 11:40:20,22.9,50.8
2026-03-15 11:40:22,22.9,50.9
2026-03-15 11:40:24,22.8,50.8
2026-03-15 11:40:26,22.8,50.9
2026-03-15 11:40:28,22.8,50.9
2026-03-15 11:40:30,22.8,50.9
2026-03-15 11:40:32,22.8,50.9
2026-03-15 11:40:34,22.8,51
2026-03-15 11:40:36,22.8,51
2026-03-15 11:40:38,22.8,51
2026-03-15 11:40:40,22.8,51.1
2026-03-15 11:40:42,22.8,51.1
2026-03-15 11:40:44,22.8,51.1
2026-03-15 11:40:46,22.8,51.1
2026-03-15 11:40:48,22.8,51.2
2026-03-15 11:40:50,22.8,51.2
2026-03-15 11:40:52,22.8,51.2
2026-03-15 11:40:54,22.8,51.2
2026-03-15 11:40:56,22.8,51.2
2026-03-15 11:40:58,22.8,51.2
2026-03-15 11:41:00,22.8,51.1
2026-03-15 11:41:02,22.8,51.1
2026-03-15 11:41:04,22.8,51.1
2026-03-15 11:41:06,22.8,51.1
2026-03-15 11:41:08,22.8,51.1
2026-03-15 11:41:10,22.8,51
2026-03-15 11:41:12,22.8,51
2026-03-15 11:41:14,22.8,51
2026-03-15 11:41:16,22.8,51
2026-03-15 11:41:18,22.8,51
2026-03-15 11:41:20,22.8,51
2026-03-15 11:41:22,22.8,51
2026-03-15 11:41:24,22.8,51
2026-03-15 11:41:26,22.8,51
2026-03-15 11:41:28,22.8,51.1
2026-03-15 11:41:30,22.8,51.1
2026-03-15 11:41:32,22.8,51
2026-03-15 11:41:34,22.8,51
2026-03-15 11:41:36,22.8,51
2026-03-15 11:41:38,22.8,51.1
2026-03-15 11:41:40,22.8,51.1
2026-03-15 11:41:42,22.8,51
2026-03-15 11:41:44,22.8,51.1
2026-03-15 11:41:46,22.9,51
2026-03-15 11:41:48,22.9,51
2026-03-15 11:41:50,22.9,51
2026-03-15 11:41:52,22.9,51
2026-03-15 11:41:54,22.9,51
2026-03-15 11:41:56,22.9,51
2026-03-15 11:41:58,22.9,51
2026-03-15 11:42:00,22.9,51
2026-03-15 11:42:02,22.9,50.9
2026-03-15 11:42:04,22.9,50.9
2026-03-15 11:42:06,22.9,50.9
2026-03-15 11:42:08,22.9,50.9
2026-03-15 11:42:10,22.9,50.9
2026-03-15 11:42:12,22.9,50.9
2026-03-15 11:42:14,22.9,50.9
2026-03-15 11:42:16,22.9,50.9
2026-03-15 11:42:18,22.9,50.9
2026-03-15 11:42:20,22.9,50.9
2026-03-15 11:42:22,22.9,50.9
2026-03-15 11:42:24,22.9,50.9
2026-03-15 11:42:26,22.9,50.9
2026-03-15 11:42:28,22.9,50.9
2026-03-15 11:42:30,22.9,50.9
2026-03-15 11:42:32,22.9,50.8
2026-03-15 11:42:34,22.9,50.8
2026-03-15 11:42:36,22.8,50.8
2026-03-15 11:42:38,22.8,50.8
2026-03-15 11:42:40,22.8,50.8
2026-03-15 11:42:42,22.8,50.8
2026-03-15 11:42:44,22.8,50.9
2026-03-15 11:42:46,22.9,50.9
2026-03-15 11:42:48,22.8,50.9
2026-03-15 11:42:50,22.8,50.9
2026-03-15 11:42:52,22.8,50.9
2026-03-15 11:42:54,22.8,50.9
2026-03-15 11:42:56,22.8,50.9
2026-03-15 11:42:58,22.8,50.9
2026-03-15 11:43:00,22.8,50.9
2026-03-15 11:43:02,22.8,50.9
2026-03-15 11:43:04,22.8,50.9
2026-03-15 11:43:06,22.8,51
2026-03-15 11:43:08,22.8,51
2026-03-15 11:43:10,22.8,51
2026-03-15 11:43:12,22.8,50.9
2026-03-15 11:43:14,22.8,50.9
2026-03-15 11:43:16,22.8,50.9
2026-03-15 11:43:18,22.8,50.9
2026-03-15 11:43:20,22.8,50.9
2026-03-15 11:43:22,22.8,50.9
2026-03-15 11:43:24,22.8,50.9
2026-03-15 11:43:26,22.8,50.9
2026-03-15 11:43:28,22.8,51
2026-03-15 11:43:30,22.8,51
2026-03-15 11:43:32,22.8,50.9
2026-03-15 11:43:34,22.8,51
2026-03-15 11:43:36,22.8,51
2026-03-15 11:43:38,22.8,51
2026-03-15 11:43:40,22.8,51
2026-03-15 11:43:42,22.8,51
2026-03-15 11:43:44,22.8,51
2026-03-15 11:43:46,22.8,50.9
2026-03-15 11:43:48,22.8,50.9
2026-03-15 11:43:50,22.8,50.9
2026-03-15 11:43:52,22.8,50.9
2026-03-15 11:43:54,22.8,50.9
2026-03-15 11:43:56,22.8,50.9
2026-03-15 11:43:58,22.8,50.9
2026-03-15 11:44:00,22.8,50.9
2026-03-15 11:44:02,22.8,51
2026-03-15 11:44:04,22.8,51
2026-03-15 11:44:06,22.8,51.1
2026-03-15 11:44:08,22.8,51.1
2026-03-15 11:44:10,22.8,51
2026-03-15 11:44:12,22.8,51
2026-03-15 11:44:14,22.8,51
2026-03-15 11:44:16,22.8,51
2026-03-15 11:44:18,22.8,51
2026-03-15 11:44:20,22.8,51
2026-03-15 11:44:22,22.8,51
2026-03-15 11:44:24,22.8,51
2026-03-15 11:44:26,22.8,51.1
2026-03-15 11:44:28,22.8,51
2026-03-15 11:44:30,22.8,51
2026-03-15 11:44:32,22.8,51.1
2026-03-15 11:44:34,22.8,51.1
2026-03-15 11:44:36,22.8,51.1
2026-03-15 11:44:38,22.8,51.1
2026-03-15 11:44:40,22.8,51
2026-03-15 11:44:42,22.8,51
2026-03-15 11:44:44,22.8,51
2026-03-15 11:44:46,22.8,51
2026-03-15 11:44:48,22.8,51
2026-03-15 11:44:50,22.8,51
2026-03-15 11:44:52,22.8,51
2026-03-15 11:44:54,22.8,51
2026-03-15 11:44:56,22.8,51
2026-03-15 11:44:58,22.8,51
2026-03-15 11:45:00,22.8,51
2026-03-15 11:45:02,22.8,51
2026-03-15 11:45:04,22.8,51
2026-03-15 11:45:06,22.8,51
2026-03-15 11:45:08,22.8,51
2026-03-15 11:45:10,22.8,51
2026-03-15 11:45:12,22.8,51
2026-03-15 11:45:14,22.8,51
2026-03-15 11:45:16,22.8,51
2026-03-15 11:45:18,22.8,51.1
2026-03-15 11:45:20,22.8,51
2026-03-15 11:45:22,22.8,51
2026-03-15 11:45:24,22.8,51
2026-03-15 11:45:26,22.8,51
2026-03-15 11:45:28,22.8,51
2026-03-15 11:45:30,22.8,51
2026-03-15 11:45:32,22.8,51
2026-03-15 11:45:34,22.8,51
2026-03-15 11:45:36,22.8,51
2026-03-15 11:45:38,22.8,51
2026-03-15 11:45:40,22.8,51
2026-03-15 11:45:42,22.8,51
2026-03-15 11:45:44,22.8,51
2026-03-15 11:45:46,22.8,51
2026-03-15 11:45:48,22.8,51
2026-03-15 11:45:50,22.8,51
2026-03-15 11:45:52,22.8,51
2026-03-15 11:45:54,22.8,51
2026-03-15 11:45:56,22.8,51
2026-03-15 11:45:58,22.8,51
2026-03-15 11:46:00,22.7,51
2026-03-15 11:46:02,22.7,51
2026-03-15 11:46:04,22.7,51
2026-03-15 11:46:06,22.7,51
2026-03-15 11:46:08,22.7,51
2026-03-15 11:46:10,22.7,51
2026-03-15 11:46:12,22.7,51.1
2026-03-15 11:46:14,22.7,51.1
2026-03-15 11:46:16,22.7,51.1
2026-03-15 11:46:18,22.7,51
2026-03-15 11:46:20,22.7,51.1
2026-03-15 11:46:22,22.7,51.1
2026-03-15 11:46:24,22.7,51.1
2026-03-15 11:46:26,22.7,51.1
2026-03-15 11:46:28,22.7,51.1
2026-03-15 11:46:30,22.7,51.1
2026-03-15 11:46:32,22.7,51.1
2026-03-15 11:46:34,22.7,51.1
2026-03-15 11:46:36,22.7,51.1
2026-03-15 11:46:38,22.7,51.1
2026-03-15 11:46:40,22.7,51.1
2026-03-15 11:46:42,22.7,51.1
2026-03-15 11:46:44,22.7,51.1
2026-03-15 11:46:46,22.7,51.1
2026-03-15 11:46:48,22.7,51.1
2026-03-15 11:46:50,22.7,51.1
2026-03-15 11:46:52,22.7,51.1
2026-03-15 11:46:54,22.7,51.2
2026-03-15 11:46:56,22.7,51.2
2026-03-15 11:46:58,22.7,51.2
2026-03-15 11:47:00,22.7,51.2
2026-03-15 11:47:02,22.7,51.3
2026-03-15 11:47:04,22.7,51.3
2026-03-15 11:47:06,22.7,51.3
2026-03-15 11:47:08,22.7,51.3
2026-03-15 11:47:10,22.7,51.3
2026-03-15 11:47:12,22.7,51.3
2026-03-15 11:47:14,22.7,51.3
2026-03-15 11:47:16,22.7,51.3
2026-03-15 11:47:18,22.7,51.3
2026-03-15 11:47:20,22.7,51.3
2026-03-15 11:47:22,22.7,51.3
2026-03-15 11:47:24,22.7,51.3
2026-03-15 11:47:26,22.7,51.2
2026-03-15 11:47:28,22.7,51.2
2026-03-15 11:47:30,22.7,51.2
2026-03-15 11:47:32,22.7,51.2
2026-03-15 11:47:34,22.7,51.3
2026-03-15 11:47:36,22.7,51.2
2026-03-15 11:47:38,22.7,51.3
2026-03-15 11:47:40,22.7,51.3
2026-03-15 11:47:42,22.7,51.2
2026-03-15 11:47:44,22.7,51.2
2026-03-15 11:47:46,22.7,51.2
2026-03-15 11:47:48,22.7,51.2
2026-03-15 11:47:50,22.7,51.2
2026-03-15 11:47:52,22.7,51.2
2026-03-15 11:47:54,22.7,51.2
2026-03-15 11:47:56,22.7,51.2
2026-03-15 11:47:58,22.7,51.2
2026-03-15 11:48:00,22.7,51.1
2026-03-15 11:48:02,22.7,51.2
2026-03-15 11:48:04,22.7,51.2
2026-03-15 11:48:06,22.7,51.1
2026-03-15 11:48:08,22.6,51.2
2026-03-15 11:48:10,22.6,51.2
2026-03-15 11:48:12,22.6,51.2
2026-03-15 11:48:14,22.6,51.2
2026-03-15 11:48:16,22.6,51.2
2026-03-15 11:48:18,22.6,51.2
2026-03-15 11:48:20,22.6,51.2
2026-03-15 11:48:22,22.6,51.3
2026-03-15 11:48:24,22.6,51.3
2026-03-15 11:48:26,22.6,51.3
2026-03-15 11:48:28,22.6,51.3
2026-03-15 11:48:30,22.6,51.3
2026-03-15 11:48:32,22.6,51.3
2026-03-15 11:48:34,22.6,51.3
2026-03-15 11:48:36,22.6,51.3
2026-03-15 11:48:38,22.6,51.4
2026-03-15 11:48:40,22.6,51.4
2026-03-15 11:48:42,22.6,51.4
2026-03-15 11:48:44,22.6,51.4
2026-03-15 11:48:46,22.6,51.4
2026-03-15 11:48:48,22.6,51.4
2026-03-15 11:48:50,22.6,51.4
2026-03-15 11:48:52,22.6,51.4
2026-03-15 11:48:54,22.6,51.4
2026-03-15 11:48:56,22.5,51.4
2026-03-15 11:48:58,22.5,51.4
2026-03-15 11:49:00,22.6,51.4
2026-03-15 11:49:02,22.6,51.4
2026-03-15 11:49:04,22.6,51.4
2026-03-15 11:49:06,22.6,51.4
2026-03-15 11:49:08,22.5,51.4
2026-03-15 11:49:10,22.5,51.4
2026-03-15 11:49:12,22.5,51.4
2026-03-15 11:49:14,22.5,51.5
2026-03-15 11:49:16,22.6,51.5
2026-03-15 11:49:18,22.6,51.5
2026-03-15 11:49:20,22.6,51.5
2026-03-15 11:49:22,22.6,51.5
2026-03-15 11:49:24,22.6,51.5
2026-03-15 11:49:26,22.6,51.5
2026-03-15 11:49:28,22.6,51.5
2026-03-15 11:49:30,22.6,51.5
2026-03-15 11:49:32,22.6,51.5
2026-03-15 11:49:34,22.6,51.5
2026-03-15 11:49:36,22.6,51.4
2026-03-15 11:49:38,22.6,51.4
2026-03-15 11:49:40,22.6,51.4
2026-03-15 11:49:42,22.6,51.4
2026-03-15 11:49:44,22.6,51.4
2026-03-15 11:49:46,22.6,51.4
2026-03-15 11:49:48,22.6,51.4
2026-03-15 11:49:50,22.6,51.4
2026-03-15 11:49:52,22.6,51.4
2026-03-15 11:49:54,22.6,51.4
2026-03-15 11:49:56,22.6,51.4
2026-03-15 11:49:58,22.6,51.4
2026-03-15 11:50:00,22.6,51.4
2026-03-15 11:50:02,22.6,51.4
2026-03-15 11:50:04,22.6,51.4
2026-03-15 11:50:06,22.6,51.5
2026-03-15 11:50:08,22.6,51.4
2026-03-15 11:50:10,22.6,51.5
2026-03-15 11:50:12,22.6,51.5
2026-03-15 11:50:14,22.6,51.5
2026-03-15 11:50:16,22.6,51.4
2026-03-15 11:50:18,22.6,51.4
2026-03-15 11:50:20,22.6,51.4
2026-03-15 11:50:22,22.6,51.4
2026-03-15 11:50:24,22.6,51.4
2026-03-15 11:50:26,22.6,51.4
2026-03-15 11:50:28,22.6,51.4
2026-03-15 11:50:30,22.6,51.4
2026-03-15 11:50:32,22.6,51.4
2026-03-15 11:50:34,22.6,51.4
2026-03-15 11:50:36,22.6,51.4
2026-03-15 11:50:38,22.6,51.4
2026-03-15 11:50:40,22.6,51.4
2026-03-15 11:50:42,22.6,51.4
2026-03-15 11:50:44,22.6,51.4
2026-03-15 11:50:46,22.6,51.4
2026-03-15 11:50:48,22.6,51.4
2026-03-15 11:50:50,22.6,51.4
2026-03-15 11:50:52,22.5,51.5
2026-03-15 11:50:54,22.5,51.5
2026-03-15 11:50:56,22.5,51.4
2026-03-15 11:50:58,22.5,51.5
2026-03-15 11:51:00,22.5,51.5
2026-03-15 11:51:02,22.5,51.5
2026-03-15 11:51:04,22.5,51.5
2026-03-15 11:51:06,22.6,51.5
2026-03-15 11:51:08,22.6,51.5
2026-03-15 11:51:10,22.6,51.6
2026-03-15 11:51:12,22.6,51.5
2026-03-15 11:51:14,22.6,51.5
2026-03-15 11:51:16,22.6,51.5
2026-03-15 11:51:18,22.6,51.5
2026-03-15 11:51:20,22.6,51.5
2026-03-15 11:51:22,22.6,51.5
2026-03-15 11:51:24,22.6,51.5
2026-03-15 11:51:26,22.6,51.5
2026-03-15 11:51:28,22.6,51.5
2026-03-15 11:51:30,22.6,51.5
2026-03-15 11:51:32,22.5,51.5
2026-03-15 11:51:34,22.5,51.5
2026-03-15 11:51:36,22.5,51.5
2026-03-15 11:51:38,22.5,51.5
2026-03-15 11:51:40,22.5,51.5
2026-03-15 11:51:42,22.5,51.5
2026-03-15 11:51:44,22.6,51.6
2026-03-15 11:51:46,22.6,51.5
2026-03-15 11:51:48,22.6,51.5
2026-03-15 11:51:50,22.6,51.5
2026-03-15 11:51:52,22.6,51.5
2026-03-15 11:51:54,22.6,51.5
2026-03-15 11:51:56,22.6,51.5
2026-03-15 11:51:58,22.6,51.5
2026-03-15 11:52:00,22.6,51.5
2026-03-15 11:52:02,22.6,51.5
2026-03-15 11:52:04,22.6,51.5
2026-03-15 11:52:06,22.5,51.5
2026-03-15 11:52:08,22.5,51.5
2026-03-15 11:52:10,22.5,51.4
2026-03-15 11:52:12,22.5,51.5
2026-03-15 11:52:14,22.5,51.5
2026-03-15 11:52:16,22.5,51.5
2026-03-15 11:52:18,22.5,51.5
2026-03-15 11:52:20,22.5,51.5
2026-03-15 11:52:22,22.5,51.5
2026-03-15 11:52:24,22.5,51.5
2026-03-15 11:52:26,22.5,51.5
2026-03-15 11:52:28,22.5,51.5
2026-03-15 11:52:30,22.5,51.5
2026-03-15 11:52:32,22.5,51.5
2026-03-15 11:52:34,22.5,51.5
2026-03-15 11:52:36,22.5,51.5
2026-03-15 11:52:38,22.5,51.5
2026-03-15 11:52:40,22.6,51.5
2026-03-15 11:52:42,22.6,51.5
2026-03-15 11:52:44,22.6,51.5
2026-03-15 11:52:46,22.6,51.5
2026-03-15 11:52:48,22.6,51.5
2026-03-15 11:52:50,22.6,51.5
2026-03-15 11:52:52,22.6,51.5
2026-03-15 11:52:54,22.6,51.5
2026-03-15 11:52:56,22.6,51.5
2026-03-15 11:52:58,22.5,51.5
2026-03-15 11:53:00,22.5,51.5
2026-03-15 11:53:02,22.5,51.5
2026-03-15 11:53:04,22.5,51.5
2026-03-15 11:53:06,22.5,51.5
2026-03-15 11:53:08,22.5,51.5
2026-03-15 11:53:10,22.6,51.5
2026-03-15 11:53:12,22.6,51.5
2026-03-15 11:53:14,22.6,51.5
2026-03-15 11:53:16,22.6,51.5
2026-03-15 11:53:18,22.6,51.5
2026-03-15 11:53:20,22.6,51.5
2026-03-15 11:53:22,22.6,51.5
2026-03-15 11:53:24,22.6,51.5
2026-03-15 11:53:26,22.6,51.5
2026-03-15 11:53:28,22.6,51.5
2026-03-15 11:53:30,22.6,51.5
2026-03-15 11:53:32,22.6,51.5
2026-03-15 11:53:34,22.6,51.5
2026-03-15 11:53:36,22.6,51.5
2026-03-15 11:53:38,22.6,51.5
2026-03-15 11:53:40,22.6,51.5
2026-03-15 11:53:42,22.6,51.5
2026-03-15 11:53:44,22.6,51.5
2026-03-15 11:53:46,22.6,51.5
2026-03-15 11:53:48,22.6,51.5
2026-03-15 11:53:50,22.6,51.4
2026-03-15 11:53:52,22.6,51.5
2026-03-15 11:53:54,22.6,51.4
2026-03-15 11:53:56,22.6,51.4
2026-03-15 11:53:58,22.6,51.4
2026-03-15 11:54:00,22.6,51.4
2026-03-15 11:54:02,22.6,51.5
2026-03-15 11:54:04,22.6,51.5
2026-03-15 11:54:06,22.6,51.4
2026-03-15 11:54:08,22.6,51.4
2026-03-15 11:54:10,22.6,51.5
2026-03-15 11:54:12,22.6,51.4
2026-03-15 11:54:14,22.5,51.4
2026-03-15 11:54:16,22.5,51.4
2026-03-15 11:54:18,22.5,51.4
2026-03-15 11:54:20,22.5,51.4
2026-03-15 11:54:22,22.5,51.5
2026-03-15 11:54:24,22.5,51.5
2026-03-15 11:54:26,22.5,51.5
2026-03-15 11:54:28,22.5,51.5
2026-03-15 11:54:30,22.5,51.6
2026-03-15 11:54:32,22.5,51.6
2026-03-15 11:54:34,22.5,51.6
2026-03-15 11:54:36,22.5,51.6
2026-03-15 11:54:38,22.5,51.6
2026-03-15 11:54:40,22.5,51.6
2026-03-15 11:54:42,22.5,51.6
2026-03-15 11:54:44,22.5,51.6
2026-03-15 11:54:46,22.5,51.6
2026-03-15 11:54:48,22.5,51.6
2026-03-15 11:54:50,22.5,51.6
2026-03-15 11:54:52,22.5,51.6
2026-03-15 11:54:54,22.5,51.6
2026-03-15 11:54:56,22.5,51.6
2026-03-15 11:54:58,22.5,51.6
2026-03-15 11:55:00,22.5,51.6
2026-03-15 11:55:02,22.5,51.6
2026-03-15 11:55:04,22.5,51.6
2026-03-15 11:55:06,22.5,51.6
2026-03-15 11:55:08,22.5,51.6
2026-03-15 11:55:10,22.5,51.6
2026-03-15 11:55:12,22.5,51.5
2026-03-15 11:55:14,22.5,51.6
2026-03-15 11:55:16,22.5,51.6
2026-03-15 11:55:19,22.5,51.6
2026-03-15 11:55:21,22.5,51.5
2026-03-15 11:55:23,22.5,51.6
2026-03-15 11:55:25,22.5,51.6
2026-03-15 11:55:27,22.5,51.6
2026-03-15 11:55:29,22.5,51.6
2026-03-15 11:55:31,22.5,51.6
2026-03-15 11:55:33,22.5,51.6
2026-03-15 11:55:35,22.5,51.6
2026-03-15 11:55:37,22.5,51.6
2026-03-15 11:55:39,22.5,51.6
2026-03-15 11:55:41,22.5,51.6
2026-03-15 11:55:43,22.5,51.6
2026-03-15 11:55:45,22.5,51.6
2026-03-15 11:55:47,22.5,51.6
2026-03-15 11:55:49,22.5,51.6
2026-03-15 11:55:51,22.5,51.6
2026-03-15 11:55:53,22.5,51.6
2026-03-15 11:55:55,22.5,51.6
2026-03-15 11:55:57,22.5,51.6
2026-03-15 11:55:59,22.5,51.5
2026-03-15 11:56:01,22.5,51.5
2026-03-15 11:56:03,22.5,51.6
2026-03-15 11:56:05,22.5,51.5
2026-03-15 11:56:07,22.5,51.5
2026-03-15 11:56:09,22.5,51.5
2026-03-15 11:56:11,22.5,51.6
2026-03-15 11:56:13,22.5,51.5
2026-03-15 11:56:15,22.5,51.6
2026-03-15 11:56:17,22.5,51.5
2026-03-15 11:56:19,22.5,51.5
2026-03-15 11:56:21,22.5,51.5
2026-03-15 11:56:23,22.5,51.5
2026-03-15 11:56:25,22.5,51.5
2026-03-15 11:56:27,22.5,51.5
2026-03-15 11:56:29,22.5,51.5
2026-03-15 11:56:31,22.5,51.5
2026-03-15 11:56:33,22.5,51.5
2026-03-15 11:56:35,22.5,51.5
2026-03-15 11:56:37,22.5,51.5
2026-03-15 11:56:39,22.5,51.5
2026-03-15 11:56:41,22.5,51.5
2026-03-15 11:56:43,22.6,51.5
2026-03-15 11:56:45,22.5,51.5
2026-03-15 11:56:47,22.6,51.5
2026-03-15 11:56:49,22.5,51.5
2026-03-15 11:56:51,22.5,51.5
2026-03-15 11:56:53,22.5,51.4
2026-03-15 11:56:55,22.5,51.4
2026-03-15 11:56:57,22.5,51.5
2026-03-15 11:56:59,22.5,51.5
2026-03-15 11:57:01,22.5,51.4
2026-03-15 11:57:03,22.5,51.5
2026-03-15 11:57:05,22.5,51.5
2026-03-15 11:57:07,22.5,51.5
2026-03-15 11:57:09,22.5,51.5
2026-03-15 11:57:11,22.5,51.5
2026-03-15 11:57:13,22.5,51.5
2026-03-15 11:57:15,22.5,51.5
2026-03-15 11:57:17,22.5,51.5
2026-03-15 11:57:19,22.5,51.5
2026-03-15 11:57:21,22.5,51.5
2026-03-15 11:57:23,22.5,51.5
2026-03-15 11:57:25,22.5,51.5
2026-03-15 11:57:27,22.5,51.5
2026-03-15 11:57:29,22.5,51.5
2026-03-15 11:57:31,22.5,51.5
2026-03-15 11:57:33,22.5,51.5
2026-03-15 11:57:35,22.5,51.5
2026-03-15 11:57:37,22.5,51.5
2026-03-15 11:57:39,22.5,51.5
2026-03-15 11:57:41,22.5,51.5
2026-03-15 11:57:43,22.5,51.5
2026-03-15 11:57:45,22.5,51.5
2026-03-15 11:57:47,22.5,51.5
2026-03-15 11:57:49,22.5,51.5
2026-03-15 11:57:51,22.5,51.5
2026-03-15 11:57:53,22.5,51.5
2026-03-15 11:57:55,22.5,51.5
2026-03-15 11:57:57,22.5,51.5
2026-03-15 11:57:59,22.5,51.5
2026-03-15 11:58:01,22.5,51.5
2026-03-15 11:58:03,22.5,51.5
2026-03-15 11:58:05,22.5,51.5
2026-03-15 11:58:07,22.5,51.5
2026-03-15 11:58:09,22.5,51.5
2026-03-15 11:58:11,22.5,51.5
2026-03-15 11:58:13,22.5,51.6
2026-03-15 11:58:15,22.5,51.6
2026-03-15 11:58:17,22.5,51.6
2026-03-15 11:58:19,22.5,51.6
2026-03-15 11:58:21,22.5,51.6
2026-03-15 11:58:23,22.5,51.5
2026-03-15 11:58:25,22.5,51.5
2026-03-15 11:58:27,22.5,51.5
2026-03-15 11:58:29,22.5,51.5
2026-03-15 11:58:31,22.5,51.5
2026-03-15 11:58:33,22.5,51.5
2026-03-15 11:58:35,22.5,51.5
2026-03-15 11:58:37,22.5,51.5
2026-03-15 11:58:39,22.5,51.5
2026-03-15 11:58:41,22.5,51.5
2026-03-15 11:58:43,22.5,51.5
2026-03-15 11:58:45,22.5,51.5
2026-03-15 11:58:47,22.5,51.5
2026-03-15 11:58:49,22.5,51.5
2026-03-15 11:58:51,22.5,51.5
2026-03-15 11:58:53,22.5,51.5
2026-03-15 11:58:55,22.5,51.5
2026-03-15 11:58:57,22.5,51.5
2026-03-15 11:58:59,22.5,51.5
2026-03-15 11:59:01,22.5,51.5
2026-03-15 11:59:03,22.5,51.5
2026-03-15 11:59:05,22.5,51.5
2026-03-15 11:59:07,22.5,51.5
2026-03-15 11:59:09,22.5,51.5
2026-03-15 11:59:11,22.5,51.5
2026-03-15 11:59:13,22.5,51.5
2026-03-15 11:59:15,22.5,51.5
2026-03-15 11:59:17,22.5,51.5
2026-03-15 11:59:19,22.5,51.5
2026-03-15 11:59:21,22.5,51.5
2026-03-15 11:59:23,22.5,51.5
2026-03-15 11:59:25,22.5,51.5
2026-03-15 11:59:27,22.5,51.5
2026-03-15 11:59:29,22.5,51.5
2026-03-15 11:59:31,22.5,51.6
2026-03-15 11:59:33,22.5,51.6
2026-03-15 11:59:35,22.5,51.6
2026-03-15 11:59:37,22.5,51.6
2026-03-15 12:05:36,22.3,53.5
2026-03-15 12:05:39,22.3,53.4
2026-03-15 12:05:41,22.3,53.4
2026-03-15 12:05:43,22.2,53.3
2026-03-15 12:05:45,22.2,53.2
2026-03-15 12:05:47,22.2,53.1
2026-03-15 12:05:49,22.2,53
2026-03-15 12:05:51,22.2,52.9
2026-03-15 12:05:53,22.2,52.8
2026-03-15 12:05:55,22.2,52.8
2026-03-15 12:05:57,22.2,52.7
2026-03-15 12:05:59,22.2,52.7
2026-03-15 12:06:01,22.2,52.7
2026-03-15 12:06:03,22.2,52.8
2026-03-15 12:06:05,22.2,52.8
2026-03-15 12:06:07,22.2,52.8
2026-03-15 12:06:09,22.2,52.8
2026-03-15 12:06:11,22.2,52.7
2026-03-15 12:06:13,22.2,52.7
2026-03-15 12:06:15,22.1,52.7
2026-03-15 12:06:17,22.1,52.7
2026-03-15 12:06:19,22.1,52.6
2026-03-15 12:06:21,22.1,52.6
2026-03-15 12:06:23,22.1,52.6
2026-03-15 12:06:25,22.1,52.7
2026-03-15 12:06:27,22.1,52.8
2026-03-15 12:06:29,22.1,52.8
2026-03-15 12:06:31,22.1,52.8
2026-03-15 12:06:33,22,52.8
2026-03-15 12:06:35,22,52.9
2026-03-15 12:06:37,22,52.9
2026-03-15 12:06:39,22,52.8
2026-03-15 12:06:41,22,52.8
2026-03-15 12:06:43,22,52.8
2026-03-15 12:06:45,22,52.8
2026-03-15 12:06:47,22,52.8
2026-03-15 12:06:49,22,52.8
2026-03-15 12:06:51,22,52.8
2026-03-15 12:06:53,22,52.9
2026-03-15 12:06:55,22,52.9
2026-03-15 12:06:57,22,52.9
2026-03-15 12:06:59,22,52.9
2026-03-15 12:07:01,22,52.9
2026-03-15 12:07:03,22,52.9
2026-03-15 12:07:05,22,53
2026-03-15 12:07:07,21.9,53
2026-03-15 12:07:09,21.9,53
2026-03-15 12:07:11,21.9,53
2026-03-15 12:07:13,21.9,53
2026-03-15 12:07:15,21.9,53
2026-03-15 12:07:17,21.9,53
2026-03-15 12:07:19,21.9,53
2026-03-15 12:07:21,21.9,53
2026-03-15 12:07:23,21.9,53
2026-03-15 12:07:25,21.9,52.9
2026-03-15 12:07:27,21.9,52.9
2026-03-15 12:07:29,21.9,52.9
2026-03-15 12:07:31,21.9,53
2026-03-15 12:07:33,21.9,53
2026-03-15 12:07:35,21.9,53
2026-03-15 12:07:37,21.9,53
2026-03-15 12:07:39,21.9,53
2026-03-15 12:07:41,21.9,52.9
2026-03-15 12:07:43,21.9,52.9
2026-03-15 12:07:45,21.9,52.9
2026-03-15 12:07:47,21.9,53
2026-03-15 12:07:49,21.9,53
2026-03-15 12:07:51,21.9,52.9
2026-03-15 12:07:53,21.9,52.9
2026-03-15 12:07:55,21.9,52.9
2026-03-15 12:07:57,21.9,53
2026-03-15 12:07:59,21.9,53
2026-03-15 12:08:01,21.9,53
2026-03-15 12:08:03,21.9,53
2026-03-15 12:08:05,21.9,53.1
2026-03-15 12:08:07,21.8,53.1
2026-03-15 12:08:09,21.8,53.1
2026-03-15 12:08:11,21.8,53.1
2026-03-15 12:08:13,21.8,53.1
2026-03-15 12:08:15,21.8,53.1
2026-03-15 12:08:17,21.8,53.2
2026-03-15 12:08:19,21.8,53.2
2026-03-15 12:08:21,21.8,53.2
2026-03-15 12:08:23,21.8,53.2
2026-03-15 12:08:25,21.8,53.2
2026-03-15 12:08:27,21.8,53.2
2026-03-15 12:08:29,21.8,53.2
2026-03-15 12:08:31,21.8,53.4
2026-03-15 12:25:47,21.4,60.7
2026-03-15 12:25:49,21.4,59.4
2026-03-15 12:25:51,21.4,58.3
2026-03-15 12:25:53,21.3,57.5
2026-03-15 12:25:55,21.3,56.9
2026-03-15 12:25:57,21.3,56.5
2026-03-15 12:25:59,21.3,56.1
2026-03-15 12:26:01,21.3,55.9
2026-03-15 12:26:03,21.3,55.7
2026-03-15 12:26:05,21.3,55.6
2026-03-15 12:26:07,21.3,55.5
2026-03-15 12:26:09,21.3,55.4
2026-03-15 12:26:11,21.3,55.3
2026-03-15 12:26:13,21.2,55.2
2026-03-15 12:26:15,21.2,55.2
2026-03-15 12:26:17,21.2,55.2
2026-03-15 12:26:19,21.2,55.2
2026-03-15 12:26:21,21.2,55.1
2026-03-15 12:26:23,21.2,55.1
2026-03-15 12:26:25,21.2,55.3
2026-03-15 12:26:27,21.2,55.3
2026-03-15 12:26:29,21.2,55.3
2026-03-15 12:26:31,21.2,55.2
2026-03-15 12:26:33,21.2,55.2
2026-03-15 12:26:35,21.2,55.2
2026-03-15 12:26:37,21.2,55.2
2026-03-15 12:26:39,21.2,55.1
2026-03-15 12:26:41,21.2,55.1
2026-03-15 12:26:43,21.2,55.1
2026-03-15 12:26:45,21.2,55
2026-03-15 12:26:47,21.2,55
2026-03-15 12:26:49,21.2,55
2026-03-15 12:26:51,21.2,55
2026-03-15 12:26:53,21.2,55
2026-03-15 12:26:55,21.2,55
2026-03-15 12:26:57,21.2,55
2026-03-15 12:26:59,21.2,55
2026-03-15 12:27:01,21.2,55
2026-03-15 12:27:03,21.2,55.3
2026-03-15 12:27:05,21.2,55.4
2026-03-15 12:27:07,21.2,55.4
2026-03-15 12:27:09,21.2,55.4
2026-03-15 12:27:11,21.2,55.4
2026-03-15 12:27:13,21.2,55.3
2026-03-15 12:27:15,21.2,55.3
2026-03-15 12:27:17,21.2,55.2
2026-03-15 12:27:19,21.2,55.2
2026-03-15 12:27:21,21.2,55.2
2026-03-15 12:27:23,21.2,55.1
2026-03-15 12:27:25,21.2,55.1
2026-03-15 12:27:27,21.2,55.1
2026-03-15 12:27:29,21.2,55.1
2026-03-15 12:27:31,21.2,55.1
2026-03-15 12:27:33,21.2,55.1
2026-03-15 12:27:35,21.2,55.1
2026-03-15 12:27:37,21.2,55
2026-03-15 12:27:39,21.2,55
2026-03-15 12:27:41,21.2,55
2026-03-15 12:27:43,21.2,55
2026-03-15 12:27:45,21.2,54.9
2026-03-15 12:27:47,21.2,54.9
2026-03-15 12:27:49,21.2,54.9
2026-03-15 12:27:51,21.2,54.9
2026-03-15 12:27:53,21.2,55
2026-03-15 12:27:55,21.2,55
2026-03-15 12:27:57,21.2,54.9
2026-03-15 12:27:59,21.2,55
2026-03-15 12:28:01,21.2,55
2026-03-15 12:28:03,21.2,55
2026-03-15 12:28:05,21.2,54.9
2026-03-15 12:28:07,21.2,54.9
2026-03-15 12:28:09,21.2,55
2026-03-15 12:28:11,21.2,55
2026-03-15 12:28:13,21.2,55
2026-03-15 12:28:15,21.2,55
2026-03-15 12:28:17,21.2,55
2026-03-15 12:28:19,21.2,55
2026-03-15 12:28:21,21.2,54.9
2026-03-15 12:28:23,21.2,55
2026-03-15 12:28:25,21.2,54.9
2026-03-15 12:28:27,21.2,55
2026-03-15 12:28:29,21.2,55
2026-03-15 12:28:31,21.2,55
2026-03-15 12:28:33,21.2,55
2026-03-15 12:28:35,21.2,55.1
2026-03-15 12:28:37,21.2,55.1
2026-03-15 12:28:39,21.2,55.1
2026-03-15 12:28:41,21.2,55.1
2026-03-15 12:28:43,21.2,55.2
2026-03-15 12:28:45,21.2,55.2
2026-03-15 12:28:47,21.2,55.3
2026-03-15 12:28:49,21.2,55.2
2026-03-15 12:28:51,21.2,55.3
2026-03-15 12:28:53,21.2,55.2
2026-03-15 12:28:55,21.2,55.2
2026-03-15 12:28:57,21.2,55.1
2026-03-15 12:28:59,21.2,55.1
2026-03-15 12:29:01,21.2,55.1
2026-03-15 12:29:03,21.2,55.1
2026-03-15 12:29:05,21.2,55.1
2026-03-15 12:29:07,21.2,55.1
2026-03-15 12:29:09,21.2,55.1
2026-03-15 12:29:11,21.2,55
2026-03-15 12:29:13,21.2,55.1
2026-03-15 12:29:15,21.2,55.1
2026-03-15 12:29:17,21.2,55.1
2026-03-15 12:29:19,21.2,55.1
2026-03-15 12:29:21,21.2,55.1
2026-03-15 12:29:23,21.2,55.1
2026-03-15 12:29:25,21.2,55
2026-03-15 12:29:27,21.2,55
2026-03-15 12:29:29,21.1,55.1
2026-03-15 12:29:31,21.1,55.1
2026-03-15 12:29:33,21.1,55.1
2026-03-15 12:29:35,21.2,55.2
2026-03-15 12:29:37,21.2,55.2
2026-03-15 12:29:39,21.2,55.2
2026-03-15 12:29:41,21.2,55.2
2026-03-15 12:29:43,21.2,55.2
2026-03-15 12:29:45,21.1,55.2
2026-03-15 12:29:47,21.1,55.2
2026-03-15 12:29:49,21.1,55.2
2026-03-15 12:29:51,21.1,55.1
2026-03-15 12:29:53,21.1,55.1
2026-03-15 12:29:55,21.1,55.1
2026-03-15 12:29:57,21.1,55.1
2026-03-15 12:29:59,21.1,55.1
2026-03-15 12:30:01,21.1,55.1
2026-03-15 12:30:03,21.1,55.2
2026-03-15 12:30:05,21.1,55.1
2026-03-15 12:30:07,21.1,55.1
2026-03-15 12:30:09,21.1,55.1
2026-03-15 12:30:11,21.1,55.5
2026-03-15 12:30:13,21.1,55.6
2026-03-15 12:30:15,21.1,55.5
2026-03-15 12:30:17,21.1,55.4
2026-03-15 12:30:19,21.1,55.3
2026-03-15 12:30:21,21.1,55.3
2026-03-15 12:30:23,21.1,55.2
2026-03-15 12:30:25,21.1,55.2
2026-03-15 12:30:27,21.1,55.2
2026-03-15 12:30:29,21.1,55.2
2026-03-15 12:30:31,21.1,55.1
2026-03-15 12:30:33,21.1,55.1
2026-03-15 12:30:35,21.1,55.1
2026-03-15 12:30:37,21.1,55.1
2026-03-15 12:30:39,21.1,55.1
2026-03-15 12:30:41,21.1,55
2026-03-15 12:30:43,21.1,55
2026-03-15 12:30:45,21.1,55
2026-03-15 12:30:47,21.1,55
2026-03-15 12:30:49,21.1,55
2026-03-15 12:30:51,21.1,55
2026-03-15 12:30:53,21.1,55
2026-03-15 12:30:55,21.1,55
2026-03-15 12:30:57,21.1,55
2026-03-15 12:30:59,21.1,55
2026-03-15 12:31:01,21.1,55
2026-03-15 12:31:03,21.2,55
2026-03-15 12:31:05,21.2,55
2026-03-15 12:31:07,21.1,55
2026-03-15 12:31:09,21.2,55
2026-03-15 12:31:11,21.2,55
2026-03-15 12:31:13,21.2,55
2026-03-15 12:31:15,21.2,55
2026-03-15 12:31:17,21.2,55
2026-03-15 12:31:19,21.2,55
2026-03-15 12:31:21,21.2,55
2026-03-15 12:31:23,21.2,55.1
2026-03-15 12:31:25,21.2,55.1
2026-03-15 12:31:27,21.2,55.2
2026-03-15 12:31:29,21.2,55.2
2026-03-15 12:31:31,21.2,55.2
2026-03-15 12:31:33,21.2,55.2
2026-03-15 12:31:35,21.2,55.2
2026-03-15 12:31:37,21.2,55.3
2026-03-15 12:31:39,21.2,55.3
2026-03-15 12:31:41,21.2,55.2
2026-03-15 12:31:43,21.2,55.2
2026-03-15 12:31:45,21.2,55.1
2026-03-15 12:31:47,21.2,55.1
2026-03-15 12:31:49,21.2,55.1
2026-03-15 12:31:51,21.2,55.2
2026-03-15 12:31:53,21.2,55.2
2026-03-15 12:31:55,21.2,55.2
2026-03-15 12:31:57,21.2,55.2
2026-03-15 12:31:59,21.2,55.2
2026-03-15 12:32:01,21.2,55.2
2026-03-15 12:32:03,21.2,55.2
2026-03-15 12:32:05,21.2,55.1
2026-03-15 12:32:07,21.2,55.1
2026-03-15 12:32:09,21.2,55.1
2026-03-15 12:32:11,21.2,55.1
2026-03-15 12:32:13,21.2,55.1
2026-03-15 12:32:15,21.2,55.1
2026-03-15 12:32:17,21.2,55.1
2026-03-15 12:32:19,21.2,55.1
2026-03-15 12:32:21,21.2,55.1
2026-03-15 12:32:23,21.2,55.1
2026-03-15 12:32:25,21.2,55.1
2026-03-15 12:32:27,21.2,55.2
2026-03-15 12:32:29,21.2,55.2
2026-03-15 12:32:31,21.2,55.2
2026-03-15 12:32:33,21.2,55.2
2026-03-15 12:32:35,21.2,55.4
2026-03-15 12:32:37,21.2,56.3
2026-03-15 12:32:39,21.2,56.8
2026-03-15 12:32:41,21.2,56.8
2026-03-15 12:32:43,21.2,57
2026-03-15 12:32:45,21.2,57
2026-03-15 12:32:47,21.2,57.3
2026-03-15 12:32:49,21.2,57.6
2026-03-15 12:32:51,21.3,57.8
2026-03-15 12:32:53,21.3,58
2026-03-15 12:32:55,21.3,58
2026-03-15 12:32:57,21.3,57.5
2026-03-15 12:32:59,21.3,57
2026-03-15 12:33:01,21.2,56.6
2026-03-15 12:33:03,21.2,56.3
2026-03-15 12:33:05,21.2,56.1
2026-03-15 12:33:07,21.2,55.9
2026-03-15 12:33:09,21.2,55.7
2026-03-15 12:33:11,21.2,55.6
2026-03-15 12:33:13,21.2,55.5
2026-03-15 12:33:15,21.2,55.4
2026-03-15 12:33:17,21.2,55.3
2026-03-15 12:33:19,21.2,55.2
2026-03-15 12:33:21,21.2,55.2
2026-03-15 12:33:23,21.2,55.2
2026-03-15 12:33:25,21.2,55.1
2026-03-15 12:33:27,21.2,55.1
2026-03-15 12:33:29,21.2,55.1
2026-03-15 12:33:31,21.2,55.1
2026-03-15 12:33:33,21.2,55.1
2026-03-15 12:33:35,21.2,55.1
2026-03-15 12:33:37,21.2,55.1
2026-03-15 12:33:39,21.2,55.1
2026-03-15 12:33:41,21.2,55.1
2026-03-15 12:33:43,21.2,55.1
2026-03-15 12:33:45,21.2,55.1
2026-03-15 12:33:47,21.2,55
2026-03-15 12:33:49,21.2,55
2026-03-15 12:33:51,21.2,55
2026-03-15 12:33:53,21.2,55
2026-03-15 12:33:55,21.2,55
2026-03-15 12:33:57,21.2,55
2026-03-15 12:33:59,21.2,55
2026-03-15 12:34:01,21.2,55
2026-03-15 12:34:03,21.1,55
2026-03-15 12:34:05,21.1,55
2026-03-15 12:34:07,21.1,55
2026-03-15 12:34:09,21.1,55
2026-03-15 12:34:11,21.1,55
2026-03-15 12:34:13,21.1,55
2026-03-15 12:34:15,21.1,55.1
2026-03-15 12:34:17,21.1,55.1
2026-03-15 12:34:19,21.1,55.1
2026-03-15 12:34:21,21.1,55.1
2026-03-15 12:34:23,21.1,55.1
2026-03-15 12:34:25,21.1,55.1
2026-03-15 12:34:27,21.1,55.1
2026-03-15 12:34:29,21.1,55.1
2026-03-15 12:34:31,21.1,55.1
2026-03-15 12:39:16,21,55.1
2026-03-15 12:39:18,21,55.1
2026-03-15 12:39:20,20.9,55
2026-03-15 12:39:22,20.9,55
2026-03-15 12:39:24,20.9,55
2026-03-15 12:39:26,20.9,55
2026-03-15 12:39:28,20.9,55
2026-03-15 12:39:30,20.9,55
2026-03-15 12:39:32,20.9,55
2026-03-15 12:39:34,20.9,55
2026-03-15 12:39:36,21,55
2026-03-15 12:39:38,21,55
2026-03-15 12:39:40,21,54.9
2026-03-15 12:39:42,21,55
2026-03-15 12:39:44,21,55
2026-03-15 12:39:46,21,55
2026-03-15 12:39:48,21,55
2026-03-15 12:39:50,21,55
2026-03-15 12:39:52,21,55
2026-03-15 12:39:54,21,55
2026-03-15 12:39:56,21,55.1
2026-03-15 12:39:58,21,55.1
2026-03-15 12:40:00,21,55.1
2026-03-15 12:40:02,21,55.1
2026-03-15 12:40:04,21,55.2
2026-03-15 12:40:06,21,55.2
2026-03-15 12:40:08,21,55.2
2026-03-15 12:40:10,21,55.2
2026-03-15 12:40:12,21,55.2
2026-03-15 12:40:14,21,55.2
2026-03-15 12:40:16,21,55.2
2026-03-15 12:40:18,21,55.2
2026-03-15 12:40:20,21,55.2
2026-03-15 12:40:22,21,55.2
2026-03-15 12:40:24,21,55.2
2026-03-15 12:40:26,21,55.2
2026-03-15 12:40:28,21,55.2
2026-03-15 12:40:30,21.1,55.2
2026-03-15 12:40:32,21,55.2
2026-03-15 12:40:34,21.1,55.2
2026-03-15 12:40:36,21.1,55.1
2026-03-15 12:40:38,21.1,55.1
2026-03-15 12:40:40,21.1,55.1
2026-03-15 12:40:42,21.1,55.1
2026-03-15 12:40:44,21.1,55
2026-03-15 12:40:46,21,55
2026-03-15 12:40:48,21.1,55
2026-03-15 12:40:50,21.1,55
2026-03-15 12:40:52,21.1,55
2026-03-15 12:40:54,21.1,55
2026-03-15 12:40:56,21.1,55
2026-03-15 12:40:58,21.1,55
2026-03-15 12:41:00,21.1,55
2026-03-15 12:41:02,21.1,55
2026-03-15 12:41:04,21.1,54.9
2026-03-15 12:41:06,21.1,54.9
2026-03-15 12:41:08,21.1,54.9
2026-03-15 12:41:10,21.1,54.9
2026-03-15 12:41:12,21.1,54.9
2026-03-15 12:41:14,21.1,54.9
2026-03-15 12:41:16,21.1,54.9
2026-03-15 12:41:18,21.1,54.9
2026-03-15 12:41:20,21.1,54.9
2026-03-15 12:41:22,21.1,54.9
2026-03-15 12:41:24,21.1,54.9
2026-03-15 12:41:26,21.1,54.9
2026-03-15 12:41:28,21.1,54.9
2026-03-15 12:41:30,21.1,54.9
2026-03-15 12:41:32,21.1,54.9
2026-03-15 12:41:34,21.1,54.9
2026-03-15 12:41:36,21.1,54.9
2026-03-15 12:41:38,21.1,54.9
2026-03-15 12:41:40,21.1,54.9
2026-03-15 12:41:42,21.1,54.9
2026-03-15 12:41:44,21.1,54.9
2026-03-15 12:41:46,21.1,54.9
2026-03-15 12:41:48,21.1,54.9
2026-03-15 12:41:50,21.1,55
2026-03-15 12:41:52,21.1,54.9
2026-03-15 12:41:54,21.1,55
2026-03-15 12:41:56,21.1,55
2026-03-15 12:41:58,21.1,55
2026-03-15 12:42:00,21.1,55.1
2026-03-15 12:42:02,21.1,55
2026-03-15 12:42:04,21.1,55.1
2026-03-15 12:42:06,21.1,55.1
2026-03-15 12:42:08,21.1,55.1
2026-03-15 12:42:10,21.1,55.1
2026-03-15 12:42:12,21.1,55.1
2026-03-15 12:42:14,21.1,55.1
2026-03-15 12:42:16,21.1,55
2026-03-15 12:42:18,21.1,55
2026-03-15 12:42:20,21.1,55
2026-03-15 12:42:22,21.1,55
2026-03-15 12:42:24,21.1,55.1
2026-03-15 12:42:26,21.1,55
2026-03-15 12:42:28,21.1,55
2026-03-15 12:42:30,21.1,55.1
2026-03-15 12:42:32,21.1,55.1
2026-03-15 12:42:34,21.1,55.1
2026-03-15 12:42:36,21.2,55.1
2026-03-15 12:42:38,21.2,55.1
2026-03-15 12:42:40,21.2,55
2026-03-15 12:42:42,21.2,54.9
2026-03-15 12:42:44,21.2,54.9
2026-03-15 12:42:46,21.2,54.9
2026-03-15 12:42:48,21.2,54.9
2026-03-15 12:42:50,21.3,54.8
2026-03-15 12:42:52,21.3,54.8
2026-03-15 12:42:54,21.3,54.8
2026-03-15 12:42:56,21.3,54.8
2026-03-15 12:42:58,21.3,54.8
2026-03-15 12:43:00,21.3,54.8
2026-03-15 12:43:02,21.3,54.8
2026-03-15 12:43:04,21.3,54.8
2026-03-15 12:43:06,21.3,54.8
2026-03-15 12:43:08,21.3,54.8
2026-03-15 12:43:10,21.3,54.9
2026-03-15 12:43:12,21.3,54.9
2026-03-15 12:43:14,21.3,54.9
2026-03-15 12:43:16,21.3,54.9
2026-03-15 12:43:18,21.3,54.9
2026-03-15 12:43:20,21.3,55.1
2026-03-15 12:43:22,21.3,55.1
2026-03-15 12:43:24,21.3,55.1
2026-03-15 12:43:26,21.3,55.1
2026-03-15 12:43:28,21.3,55.2
2026-03-15 12:43:30,21.3,55.1
2026-03-15 12:43:32,21.3,55.1
2026-03-15 12:43:34,21.3,55.1
2026-03-15 12:43:36,21.3,55
2026-03-15 12:43:38,21.3,55
2026-03-15 12:43:40,21.3,54.9
2026-03-15 12:43:42,21.4,54.9
2026-03-15 12:43:44,21.4,54.8
2026-03-15 12:43:46,21.4,54.8
2026-03-15 12:43:48,21.4,54.8
2026-03-15 12:43:50,21.3,54.8
2026-03-15 12:43:52,21.4,54.8
2026-03-15 12:43:54,21.3,54.8
2026-03-15 12:43:56,21.3,54.7
2026-03-15 12:43:58,21.3,54.8
2026-03-15 12:44:00,21.3,54.7
2026-03-15 12:44:02,21.3,54.8
2026-03-15 12:44:04,21.3,54.8
2026-03-15 12:44:06,21.4,54.8
2026-03-15 12:44:08,21.4,54.8
2026-03-15 12:44:10,21.4,54.8
2026-03-15 12:44:12,21.4,54.7
2026-03-15 12:44:14,21.4,54.8
2026-03-15 12:44:16,21.4,54.8
2026-03-15 12:44:18,21.4,54.8
2026-03-15 12:44:20,21.4,54.8
2026-03-15 12:44:22,21.4,54.8
2026-03-15 12:44:24,21.4,54.7
2026-03-15 12:44:26,21.4,54.8
2026-03-15 12:44:28,21.4,54.7
2026-03-15 12:44:30,21.4,54.7
2026-03-15 12:44:32,21.4,54.7
2026-03-15 12:44:34,21.4,54.7
2026-03-15 12:44:36,21.4,54.7
2026-03-15 12:44:38,21.4,54.7
2026-03-15 12:44:40,21.4,54.7
2026-03-15 12:44:42,21.4,54.7
2026-03-15 12:44:44,21.4,54.7
2026-03-15 12:44:46,21.4,54.7
2026-03-15 12:44:48,21.4,54.7
2026-03-15 12:44:50,21.4,54.6
2026-03-15 12:44:52,21.4,54.6
2026-03-15 12:44:54,21.4,54.6
2026-03-15 12:44:56,21.4,54.6
2026-03-15 12:44:58,21.4,54.6
2026-03-15 12:45:00,21.4,54.6
2026-03-15 12:45:02,21.4,54.6
2026-03-15 12:45:04,21.4,54.6
2026-03-15 12:45:06,21.4,54.6
2026-03-15 12:45:08,21.4,54.6
2026-03-15 12:45:10,21.4,54.6
2026-03-15 12:45:12,21.4,54.6
2026-03-15 12:45:14,21.4,54.6
2026-03-15 12:45:16,21.4,54.6
2026-03-15 12:45:18,21.4,54.6
2026-03-15 12:45:20,21.4,54.7
2026-03-15 12:45:22,21.4,54.7
2026-03-15 12:45:24,21.4,54.7
2026-03-15 12:45:26,21.4,54.7
2026-03-15 12:45:28,21.4,54.7
2026-03-15 12:45:30,21.4,54.7
2026-03-15 12:45:32,21.4,54.7
2026-03-15 12:45:34,21.4,54.7
2026-03-15 12:45:36,21.4,54.7
2026-03-15 12:45:38,21.4,54.7
2026-03-15 12:45:40,21.4,54.7
2026-03-15 12:45:42,21.4,54.7
2026-03-15 12:45:44,21.4,54.6
2026-03-15 12:45:46,21.4,54.6
2026-03-15 12:45:48,21.4,54.6
2026-03-15 12:45:50,21.4,54.6
2026-03-15 12:45:52,21.4,54.6
2026-03-15 12:45:54,21.4,54.6
2026-03-15 12:45:56,21.4,54.6
2026-03-15 12:45:58,21.4,54.7
2026-03-15 12:46:00,21.4,54.7
2026-03-15 12:46:02,21.4,54.7
2026-03-15 12:46:04,21.4,54.7
2026-03-15 12:46:06,21.4,54.7
2026-03-15 12:46:08,21.4,54.7
2026-03-15 12:46:10,21.4,54.7
2026-03-15 12:46:12,21.4,54.7
2026-03-15 12:46:14,21.4,54.7
2026-03-15 12:46:16,21.4,54.7
2026-03-15 12:46:18,21.4,54.7
2026-03-15 12:46:20,21.4,54.6
2026-03-15 12:46:22,21.4,54.7
2026-03-15 12:46:24,21.4,54.6
2026-03-15 12:46:26,21.4,54.6
2026-03-15 12:46:28,21.4,54.6
2026-03-15 12:46:30,21.4,54.6
2026-03-15 12:46:32,21.4,54.6
2026-03-15 12:46:34,21.4,54.6
2026-03-15 12:46:36,21.4,54.6
2026-03-15 12:46:38,21.4,54.6
2026-03-15 12:46:40,21.4,54.6
2026-03-15 12:46:42,21.4,54.6
2026-03-15 12:46:44,21.4,54.6
2026-03-15 12:46:46,21.4,54.6
2026-03-15 12:46:48,21.4,54.6
2026-03-15 12:46:50,21.5,54.6
2026-03-15 12:46:52,21.4,54.6
2026-03-15 12:46:54,21.4,54.6
2026-03-15 12:46:56,21.4,54.6
2026-03-15 12:46:58,21.4,54.7
2026-03-15 12:47:00,21.5,54.7
2026-03-15 12:47:02,21.5,54.7
2026-03-15 12:47:04,21.4,54.7
2026-03-15 12:47:06,21.4,54.7
2026-03-15 12:47:08,21.4,54.7
2026-03-15 12:47:10,21.4,54.7
2026-03-15 12:47:12,21.4,54.7
2026-03-15 12:47:14,21.4,54.7
2026-03-15 12:47:16,21.4,54.7
2026-03-15 12:47:18,21.4,54.7
2026-03-15 12:47:20,21.4,54.6
2026-03-15 12:47:22,21.5,54.6
2026-03-15 12:47:24,21.5,54.6
2026-03-15 12:47:26,21.5,54.6
2026-03-15 12:47:28,21.4,54.6
2026-03-15 12:47:30,21.4,54.6
2026-03-15 12:47:32,21.4,54.7
2026-03-15 12:47:34,21.4,54.7
2026-03-15 12:47:36,21.4,54.7
2026-03-15 12:47:38,21.4,54.7
2026-03-15 12:47:40,21.4,54.7
2026-03-15 12:47:42,21.4,54.7
2026-03-15 12:47:44,21.4,54.7
2026-03-15 12:47:46,21.4,54.7
2026-03-15 12:47:48,21.4,54.7
2026-03-15 12:47:50,21.4,54.7
2026-03-15 12:47:52,21.4,54.7
2026-03-15 12:47:54,21.5,54.7
2026-03-15 12:47:56,21.5,54.7
2026-03-15 12:47:58,21.5,54.7
2026-03-15 12:48:00,21.5,54.7
2026-03-15 12:48:02,21.5,54.7
2026-03-15 12:48:04,21.5,54.7
2026-03-15 12:48:06,21.5,54.6
2026-03-15 12:48:08,21.5,54.6
2026-03-15 12:48:10,21.5,54.5
2026-03-15 12:48:12,21.6,54.5
2026-03-15 12:48:14,21.6,54.5
2026-03-15 12:48:16,21.6,54.4
2026-03-15 12:48:18,21.6,54.4
2026-03-15 12:48:20,21.6,54.4
2026-03-15 12:48:22,21.6,54.4
2026-03-15 12:48:24,21.6,54.4
2026-03-15 12:48:26,21.6,54.3
2026-03-15 12:48:28,21.6,54.4
2026-03-15 12:48:30,21.6,54.3
2026-03-15 12:48:32,21.6,54.3
2026-03-15 12:48:34,21.6,54.3
2026-03-15 12:48:36,21.6,54.3
2026-03-15 12:48:38,21.6,54.3
2026-03-15 12:48:40,21.6,54.3
2026-03-15 12:48:42,21.6,54.3
2026-03-15 12:48:44,21.6,54.3
2026-03-15 12:48:46,21.6,54.3
2026-03-15 12:48:48,21.6,54.3
2026-03-15 12:48:50,21.6,54.3
2026-03-15 12:48:52,21.6,54.3
2026-03-15 12:48:54,21.6,54.3
2026-03-15 12:48:56,21.5,54.3
2026-03-15 12:48:58,21.5,54.3
2026-03-15 12:49:00,21.5,54.3
2026-03-15 12:49:02,21.5,54.3
2026-03-15 12:49:04,21.5,54.3
2026-03-15 12:49:06,21.5,54.4
2026-03-15 12:49:08,21.5,54.3
2026-03-15 12:49:10,21.5,54.3
2026-03-15 12:49:12,21.5,54.3
2026-03-15 12:49:14,21.5,54.3
2026-03-15 12:49:16,21.5,54.3
2026-03-15 12:49:18,21.5,54.4
2026-03-15 12:49:20,21.5,54.4
2026-03-15 12:49:22,21.5,54.4
2026-03-15 12:49:24,21.5,54.4
2026-03-15 12:49:26,21.5,54.5
2026-03-15 12:49:28,21.5,54.5
2026-03-15 12:49:30,21.5,54.5
2026-03-15 12:49:32,21.5,54.5
2026-03-15 12:49:34,21.5,54.6
2026-03-15 12:49:36,21.5,54.6
2026-03-15 12:49:38,21.5,54.6
2026-03-15 12:49:40,21.5,54.7
2026-03-15 12:49:42,21.5,54.7
2026-03-15 12:49:44,21.5,54.6
2026-03-15 12:49:46,21.5,54.6
2026-03-15 12:49:48,21.5,54.6
2026-03-15 12:49:50,21.5,54.6
2026-03-15 12:49:52,21.5,54.6
2026-03-15 12:49:54,21.5,54.6
2026-03-15 12:49:56,21.5,54.6
2026-03-15 12:49:58,21.5,54.6
2026-03-15 12:50:00,21.5,54.6
2026-03-15 12:50:02,21.5,54.6
2026-03-15 12:50:04,21.5,54.6
2026-03-15 12:50:06,21.5,54.6
2026-03-15 12:50:08,21.5,54.6
2026-03-15 12:50:10,21.5,54.6
2026-03-15 12:50:12,21.5,54.6
2026-03-15 12:50:14,21.5,54.6
2026-03-15 12:50:16,21.5,54.6
2026-03-15 12:50:18,21.5,54.7
2026-03-15 12:50:20,21.5,54.7
2026-03-15 12:50:22,21.5,54.7
2026-03-15 12:50:24,21.5,54.7
2026-03-15 12:50:26,21.5,54.7
2026-03-15 12:50:28,21.5,54.7
2026-03-15 12:50:30,21.5,54.7
2026-03-15 12:50:32,21.5,54.7
2026-03-15 12:50:34,21.5,54.6
2026-03-15 12:50:36,21.5,54.6
2026-03-15 12:50:38,21.5,54.6
2026-03-15 12:50:40,21.5,54.6
2026-03-15 12:50:42,21.5,54.6
2026-03-15 12:50:44,21.5,54.6
2026-03-15 12:50:46,21.5,54.6
2026-03-15 12:50:48,21.5,54.6
2026-03-15 12:50:50,21.6,54.5
2026-03-15 12:50:52,21.5,54.5
2026-03-15 12:50:54,21.5,54.5
2026-03-15 12:50:56,21.5,54.5
2026-03-15 12:50:58,21.5,54.5
2026-03-15 12:51:00,21.5,54.5
2026-03-15 12:51:02,21.5,54.5
2026-03-15 12:51:04,21.5,54.5
2026-03-15 12:51:06,21.5,54.4
2026-03-15 12:51:08,21.5,54.4
2026-03-15 12:51:10,21.5,54.4
2026-03-15 12:51:12,21.5,54.4
2026-03-15 12:51:14,21.5,54.4
2026-03-15 12:51:16,21.5,54.4
2026-03-15 12:51:18,21.5,54.4
2026-03-15 12:51:20,21.5,54.4
2026-03-15 12:51:22,21.5,54.4
2026-03-15 12:51:24,21.5,54.4
2026-03-15 12:51:26,21.5,54.5
2026-03-15 12:51:28,21.5,54.4
2026-03-15 12:51:30,21.5,54.4
2026-03-15 12:51:32,21.5,54.4
2026-03-15 12:51:34,21.5,54.5
2026-03-15 12:51:36,21.5,54.5
2026-03-15 12:51:38,21.5,54.5
2026-03-15 12:51:40,21.5,54.6
2026-03-15 12:51:42,21.5,54.6
2026-03-15 12:51:44,21.5,54.6
2026-03-15 12:51:46,21.5,54.6
2026-03-15 12:51:48,21.5,54.6
2026-03-15 12:51:50,21.5,54.5
2026-03-15 12:51:52,21.5,54.5
2026-03-15 12:51:54,21.5,54.5
2026-03-15 12:51:56,21.5,54.5
2026-03-15 12:51:58,21.5,54.5
2026-03-15 12:52:00,21.5,54.5
2026-03-15 12:52:02,21.5,54.5
2026-03-15 12:52:04,21.5,54.5
2026-03-15 12:52:06,21.6,54.5
2026-03-15 12:52:08,21.6,54.6
2026-03-15 12:52:10,21.6,54.8
2026-03-15 12:52:12,21.6,54.8
2026-03-15 12:52:14,21.6,54.8
2026-03-15 12:52:16,21.6,54.8
2026-03-15 12:52:18,21.6,54.9
2026-03-15 12:52:20,21.6,54.9
2026-03-15 12:52:22,21.6,54.9
2026-03-15 12:52:24,21.6,54.8
2026-03-15 12:52:26,21.6,54.9
2026-03-15 12:52:28,21.6,54.8
2026-03-15 12:52:30,21.6,54.8
2026-03-15 12:52:32,21.6,54.7
2026-03-15 12:52:34,21.6,54.6
2026-03-15 12:52:36,21.6,54.6
2026-03-15 12:52:38,21.6,54.6
2026-03-15 12:52:40,21.6,54.5
2026-03-15 12:52:42,21.6,54.5
2026-03-15 12:52:44,21.6,54.4
2026-03-15 12:52:46,21.6,54.4
2026-03-15 12:52:48,21.6,54.4
2026-03-15 12:52:50,21.6,54.4
2026-03-15 12:52:52,21.6,54.3
2026-03-15 12:52:54,21.6,54.4
2026-03-15 12:52:56,21.6,54.4
2026-03-15 12:52:58,21.6,54.4
2026-03-15 12:53:00,21.6,54.4
2026-03-15 12:53:02,21.6,54.3
2026-03-15 12:53:04,21.6,54.3
2026-03-15 12:53:06,21.6,54.3
2026-03-15 12:53:08,21.6,54.3
2026-03-15 12:53:10,21.6,54.3
2026-03-15 12:53:12,21.6,54.3
2026-03-15 12:53:14,21.6,54.3
2026-03-15 12:53:16,21.6,54.3
2026-03-15 12:53:18,21.6,54.3
2026-03-15 12:53:20,21.6,54.2
2026-03-15 12:53:22,21.6,54.2
2026-03-15 12:53:24,21.6,54.2
2026-03-15 12:53:26,21.6,54.2
2026-03-15 12:53:28,21.6,54.2
2026-03-15 12:53:30,21.6,54.2
2026-03-15 12:53:32,21.6,54.2
2026-03-15 12:53:34,21.7,54.2
2026-03-15 12:53:36,21.7,54.2
2026-03-15 12:53:38,21.7,54.2
2026-03-15 12:53:42,21.7,54.2
2026-03-15 12:53:44,21.7,54.2
2026-03-15 12:53:46,21.7,54.1
2026-03-15 12:53:48,21.7,54.2
2026-03-15 12:53:50,21.7,54.1
2026-03-15 12:53:52,21.7,54.1
2026-03-15 12:53:54,21.7,54.1
2026-03-15 12:53:56,21.7,54.1
2026-03-15 12:53:58,21.7,54.1
2026-03-15 12:54:00,21.7,54.1
2026-03-15 12:54:02,21.7,54.1
2026-03-15 12:54:04,21.7,54.1
2026-03-15 12:54:06,21.7,54.1
2026-03-15 12:54:08,21.7,54.1
2026-03-15 12:54:10,21.7,54.1
2026-03-15 12:54:12,21.7,54.1
2026-03-15 12:54:14,21.7,54.1
2026-03-15 12:54:16,21.7,54.1
2026-03-15 12:54:18,21.7,54.1
2026-03-15 12:54:20,21.7,54.1
2026-03-15 12:54:22,21.7,54.1
2026-03-15 12:54:24,21.6,54.1
2026-03-15 12:54:26,21.6,54.1
2026-03-15 12:54:28,21.6,54.1
2026-03-15 12:54:30,21.6,54.1
2026-03-15 12:54:32,21.6,54.1
2026-03-15 12:54:34,21.6,54.1
2026-03-15 12:54:36,21.6,54.1
2026-03-15 12:54:38,21.6,54.1
2026-03-15 12:54:40,21.6,54.1
2026-03-15 12:54:42,21.6,54.1
2026-03-15 12:54:44,21.6,54.1
2026-03-15 12:54:46,21.7,54.1
2026-03-15 12:54:48,21.7,54.1
2026-03-15 12:54:50,21.7,54
2026-03-15 12:54:52,21.7,54
2026-03-15 12:54:54,21.7,54
2026-03-15 12:54:56,21.7,54
2026-03-15 12:54:58,21.8,53.9
2026-03-15 12:55:00,21.8,53.9
2026-03-15 12:55:02,21.8,53.9
2026-03-15 12:55:04,21.8,53.9
2026-03-15 12:55:06,21.8,53.9
2026-03-15 12:55:08,21.8,53.9
2026-03-15 12:55:10,21.8,53.9
2026-03-15 12:55:12,21.8,53.9
2026-03-15 12:55:14,21.8,53.9
2026-03-15 12:55:16,21.8,53.8
2026-03-15 12:55:18,21.8,53.8
2026-03-15 12:55:20,21.8,53.8
2026-03-15 12:55:22,21.8,53.8
2026-03-15 12:55:24,21.8,53.8
2026-03-15 12:55:26,21.8,53.8
2026-03-15 12:55:28,21.8,53.8
2026-03-15 12:55:30,21.8,53.8
2026-03-15 12:55:32,21.8,53.8
2026-03-15 12:55:34,21.8,53.7
2026-03-15 12:55:36,21.8,53.7
2026-03-15 12:55:38,21.8,53.7
2026-03-15 12:55:40,21.8,53.7
2026-03-15 12:55:42,21.8,53.7
2026-03-15 12:55:44,21.8,53.7
2026-03-15 12:55:46,21.8,53.7
2026-03-15 12:55:48,21.8,53.7
2026-03-15 12:55:50,21.8,53.7
2026-03-15 12:55:52,21.8,53.7
2026-03-15 12:55:54,21.8,53.7
2026-03-15 12:55:56,21.8,53.7
2026-03-15 12:55:58,21.8,53.7
2026-03-15 12:56:00,21.8,53.7
2026-03-15 12:56:02,21.8,53.7
2026-03-15 12:56:04,21.8,53.7
2026-03-15 12:56:06,21.8,53.7
2026-03-15 12:56:08,21.8,53.7
2026-03-15 12:56:10,21.8,53.7
2026-03-15 12:56:12,21.8,53.7
2026-03-15 12:56:14,21.8,53.7
2026-03-15 12:56:16,21.8,53.7
2026-03-15 12:56:18,21.8,53.7
2026-03-15 12:56:20,21.8,53.7
2026-03-15 12:56:22,21.8,53.7
2026-03-15 12:56:24,21.8,53.7
2026-03-15 12:56:26,21.8,53.7
2026-03-15 12:56:28,21.8,53.7
2026-03-15 12:56:30,21.8,53.7
2026-03-15 12:56:32,21.8,53.7
2026-03-15 12:56:34,21.7,53.8
2026-03-15 12:56:36,21.7,53.8
2026-03-15 12:56:38,21.7,53.8
2026-03-15 12:56:40,21.7,53.8
2026-03-15 12:56:42,21.7,53.8
2026-03-15 12:56:44,21.7,53.8
2026-03-15 12:56:46,21.7,53.8
2026-03-15 12:56:48,21.7,53.8
2026-03-15 12:56:50,21.7,53.8
2026-03-15 12:56:52,21.7,53.8
2026-03-15 12:56:54,21.7,53.8
2026-03-15 12:56:56,21.7,53.8
2026-03-15 12:56:58,21.7,53.9
2026-03-15 12:57:00,21.7,53.9
2026-03-15 12:57:02,21.7,53.9
2026-03-15 12:57:04,21.7,53.9
2026-03-15 12:57:06,21.7,53.9
2026-03-15 12:57:08,21.7,53.9
2026-03-15 12:57:10,21.7,53.9
2026-03-15 12:57:12,21.7,53.9
2026-03-15 12:57:14,21.7,53.9
2026-03-15 12:57:16,21.7,53.9
2026-03-15 12:57:18,21.7,53.9
2026-03-15 12:57:20,21.7,53.9
2026-03-15 12:57:22,21.7,53.9
2026-03-15 12:57:24,21.7,53.9
2026-03-15 12:57:26,21.7,53.9
2026-03-15 12:57:28,21.7,53.9
2026-03-15 12:57:30,21.7,53.9
2026-03-15 12:57:32,21.7,53.9
2026-03-15 12:57:34,21.7,54
2026-03-15 12:57:36,21.7,54
2026-03-15 12:57:38,21.7,54
2026-03-15 12:57:40,21.7,54
2026-03-15 12:57:42,21.7,53.9
2026-03-15 12:57:44,21.7,53.9
2026-03-15 12:57:46,21.7,53.9
2026-03-15 12:57:48,21.8,53.9
2026-03-15 12:57:50,21.8,54
2026-03-15 12:57:52,21.8,53.9
2026-03-15 12:57:54,21.8,53.9
2026-03-15 12:57:56,21.8,53.9
2026-03-15 12:57:58,21.8,53.9
2026-03-15 12:58:00,21.8,53.9
2026-03-15 12:58:02,21.8,53.9
2026-03-15 12:58:04,21.8,53.9
2026-03-15 12:58:06,21.8,53.9
2026-03-15 12:58:08,21.8,53.9
2026-03-15 12:58:10,21.8,53.9
2026-03-15 12:58:12,21.8,54
2026-03-15 12:58:14,21.8,54
2026-03-15 12:58:16,21.8,54
2026-03-15 12:58:18,21.8,54
2026-03-15 12:58:20,21.8,53.9
2026-03-15 12:58:22,21.8,53.9
2026-03-15 12:58:24,21.8,53.9
2026-03-15 12:58:26,21.8,53.9
2026-03-15 12:58:28,21.8,53.9
2026-03-15 12:58:30,21.8,53.9
2026-03-15 12:58:32,21.8,53.8
2026-03-15 12:58:34,21.8,53.8
2026-03-15 12:58:36,21.8,53.8
2026-03-15 12:58:38,21.8,53.8
2026-03-15 12:58:40,21.8,53.8
2026-03-15 12:58:42,21.8,53.8
2026-03-15 12:58:44,21.8,53.8
2026-03-15 12:58:46,21.8,53.8
2026-03-15 12:58:48,21.8,53.8
2026-03-15 12:58:50,21.8,53.8
2026-03-15 12:58:52,21.8,53.8
2026-03-15 12:58:54,21.8,53.8
2026-03-15 12:58:56,21.7,53.8
2026-03-15 12:58:58,21.7,53.8
2026-03-15 12:59:00,21.7,53.8
2026-03-15 12:59:02,21.7,53.8
2026-03-15 12:59:04,21.7,54.1
2026-03-15 12:59:06,21.7,54.1
2026-03-15 12:59:08,21.7,54.1
2026-03-15 12:59:10,21.7,54
2026-03-15 12:59:12,21.7,54
2026-03-15 12:59:14,21.7,54
2026-03-15 12:59:16,21.7,54
2026-03-15 12:59:18,21.7,53.9
2026-03-15 12:59:20,21.7,53.9
2026-03-15 12:59:22,21.7,54
2026-03-15 12:59:24,21.7,53.9
2026-03-15 12:59:26,21.7,53.9
2026-03-15 12:59:28,21.7,53.9
2026-03-15 12:59:30,21.7,53.9
2026-03-15 12:59:32,21.7,53.9
2026-03-15 12:59:34,21.7,53.9
2026-03-15 12:59:36,21.7,53.9
2026-03-15 12:59:38,21.7,53.9
2026-03-15 12:59:40,21.7,53.9
2026-03-15 12:59:42,21.7,53.9
2026-03-15 12:59:44,21.7,53.9
2026-03-15 12:59:46,21.7,53.9
2026-03-15 12:59:48,21.7,53.9
2026-03-15 12:59:50,21.7,53.9
2026-03-15 12:59:52,21.7,53.9
2026-03-15 12:59:54,21.7,53.9
2026-03-15 12:59:56,21.7,53.9
2026-03-15 12:59:58,21.7,53.9
2026-03-15 13:00:00,21.7,53.9
2026-03-15 13:00:02,21.7,53.9
2026-03-15 13:00:04,21.7,53.9
2026-03-15 13:00:06,21.7,53.9
2026-03-15 13:00:08,21.7,53.9
2026-03-15 13:00:10,21.7,53.9
2026-03-15 13:00:12,21.7,53.9
2026-03-15 13:00:14,21.7,53.9
2026-03-15 13:00:16,21.7,54
2026-03-15 13:00:18,21.7,54
2026-03-15 13:00:20,21.7,54
2026-03-15 13:00:22,21.7,54
2026-03-15 13:00:24,21.7,54.2
2026-03-15 13:00:26,21.7,54.1
2026-03-15 13:00:28,21.7,54.1
2026-03-15 13:00:30,21.7,54.1
2026-03-15 13:00:32,21.7,54.1
2026-03-15 13:00:34,21.7,54
2026-03-15 13:00:36,21.7,54
2026-03-15 13:00:38,21.7,54
2026-03-15 13:00:40,21.7,54
2026-03-15 13:00:42,21.7,54
2026-03-15 13:00:44,21.7,53.9
2026-03-15 13:00:46,21.7,53.9
2026-03-15 13:00:48,21.7,53.9
2026-03-15 13:00:50,21.7,53.9
2026-03-15 13:00:52,21.7,53.9
2026-03-15 13:00:54,21.7,53.8
2026-03-15 13:00:56,21.7,53.8
2026-03-15 13:00:58,21.7,53.8
2026-03-15 13:01:00,21.7,53.8
2026-03-15 13:01:02,21.7,53.8
2026-03-15 13:01:04,21.7,53.8
2026-03-15 13:01:06,21.7,53.8
2026-03-15 13:01:08,21.7,53.8
2026-03-15 13:01:10,21.7,53.8
2026-03-15 13:01:12,21.7,53.8
2026-03-15 13:01:14,21.7,53.8
2026-03-15 13:01:16,21.7,53.8
2026-03-15 13:01:18,21.8,53.8
2026-03-15 13:01:20,21.8,53.8
2026-03-15 13:01:22,21.8,53.7
2026-03-15 13:01:24,21.8,53.7
2026-03-15 13:01:26,21.8,53.7
2026-03-15 13:01:28,21.8,53.7
2026-03-15 13:01:30,21.8,53.7
2026-03-15 13:01:32,21.8,53.7
2026-03-15 13:01:34,21.8,53.7
2026-03-15 13:01:36,21.8,53.7
2026-03-15 13:01:38,21.8,53.6
2026-03-15 13:01:40,21.8,53.7
2026-03-15 13:01:42,21.8,53.6
2026-03-15 13:01:44,21.8,53.6
2026-03-15 13:01:46,21.8,53.6
2026-03-15 13:01:48,21.8,53.6
2026-03-15 13:01:50,21.8,53.6
2026-03-15 13:01:52,21.8,53.6
2026-03-15 13:01:54,21.8,53.6
2026-03-15 13:01:56,21.8,53.6
2026-03-15 13:01:58,21.8,53.6
2026-03-15 13:02:00,21.8,53.7
2026-03-15 13:02:02,21.8,53.6
2026-03-15 13:02:04,21.8,53.6
2026-03-15 13:02:06,21.8,53.6
2026-03-15 13:02:08,21.8,53.6
2026-03-15 13:02:10,21.8,53.6
2026-03-15 13:02:12,21.8,53.6
2026-03-15 13:02:14,21.8,53.6
2026-03-15 13:02:16,21.8,53.7
2026-03-15 13:02:18,21.8,53.7
2026-03-15 13:02:20,21.8,53.7
2026-03-15 13:02:22,21.8,53.7
2026-03-15 13:02:24,21.8,53.7
2026-03-15 13:02:26,21.8,53.7
2026-03-15 13:02:28,21.9,53.8
2026-03-15 13:02:30,21.9,53.8
2026-03-15 13:02:32,21.9,53.7
2026-03-15 13:02:34,21.9,53.8
2026-03-15 13:02:36,21.9,53.7
2026-03-15 13:02:38,21.9,53.7
2026-03-15 13:02:40,21.9,53.7
2026-03-15 13:02:42,21.9,53.6
2026-03-15 13:02:44,21.9,53.6
2026-03-15 13:02:46,21.9,53.6
2026-03-15 13:02:48,21.9,53.5
2026-03-15 13:02:50,21.9,53.5
2026-03-15 13:02:52,21.9,53.5
2026-03-15 13:02:54,21.9,53.5
2026-03-15 13:02:56,21.9,53.4
2026-03-15 13:02:58,21.9,53.4
2026-03-15 13:03:00,21.9,53.4
2026-03-15 13:03:02,21.9,53.4
2026-03-15 13:03:04,21.9,53.4
2026-03-15 13:03:06,21.9,53.4
2026-03-15 13:03:08,21.9,53.4
2026-03-15 13:03:10,21.9,53.4
2026-03-15 13:03:12,21.9,53.4
2026-03-15 13:03:14,21.9,53.4
2026-03-15 13:03:16,21.9,53.4
2026-03-15 13:03:18,21.9,53.4
2026-03-15 13:03:20,21.9,53.4
2026-03-15 13:03:22,21.9,53.4
2026-03-15 13:03:24,21.9,53.4
2026-03-15 13:03:26,21.9,53.5
2026-03-15 13:03:28,21.9,53.5
2026-03-15 13:03:30,21.9,53.5
2026-03-15 13:03:32,21.9,53.5
2026-03-15 13:03:34,21.9,53.5
2026-03-15 13:03:36,21.9,53.5
2026-03-15 13:03:38,21.9,53.5
2026-03-15 13:03:40,21.9,53.5
2026-03-15 13:03:42,21.9,53.5
2026-03-15 13:03:44,21.9,53.5
2026-03-15 13:03:46,21.9,53.5
2026-03-15 13:03:48,21.9,53.5
2026-03-15 13:03:50,21.9,53.5
2026-03-15 13:03:52,21.9,53.5
2026-03-15 13:03:54,21.9,53.5
2026-03-15 13:03:56,21.9,53.5
2026-03-15 13:03:58,21.9,53.5
2026-03-15 13:04:00,21.9,53.5
2026-03-15 13:04:02,21.9,53.4
2026-03-15 13:04:04,21.9,53.5
2026-03-15 13:04:06,21.9,53.5
2026-03-15 13:04:08,21.9,53.4
2026-03-15 13:04:10,21.9,53.5
2026-03-15 13:04:12,21.9,53.5
2026-03-15 13:04:14,21.9,53.5
2026-03-15 13:04:16,21.9,53.5
2026-03-15 13:04:18,21.9,53.5
2026-03-15 13:04:20,21.9,53.5
2026-03-15 13:04:22,21.9,53.5
2026-03-15 13:04:24,21.9,53.5
2026-03-15 13:04:26,21.9,53.5
2026-03-15 13:04:28,21.9,53.5
2026-03-15 13:04:30,22,53.5
2026-03-15 13:04:32,21.9,53.5
2026-03-15 13:04:34,22,53.5
2026-03-15 13:04:36,21.9,53.5
2026-03-15 13:04:38,22,53.5
2026-03-15 13:04:40,22,53.4
2026-03-15 13:04:42,22,53.4
2026-03-15 13:04:44,21.9,53.4
2026-03-15 13:04:46,21.9,53.5
2026-03-15 13:04:48,22,53.6
2026-03-15 13:04:50,22,53.8
2026-03-15 13:04:52,22,53.9
2026-03-15 13:04:54,22,53.9
2026-03-15 13:04:56,22,54
2026-03-15 13:04:58,22,54
2026-03-15 13:05:00,22,54
2026-03-15 13:05:02,22,54
2026-03-15 13:05:04,22,54
2026-03-15 13:05:06,22,54
2026-03-15 13:05:08,22.1,53.9
2026-03-15 13:05:10,22.1,53.9
2026-03-15 13:05:12,22.1,53.8
2026-03-15 13:05:14,22.1,53.7
2026-03-15 13:05:16,22.1,53.6
2026-03-15 13:05:18,22,53.6
2026-03-15 13:05:20,22.1,53.5
2026-03-15 13:05:22,22.1,53.5
2026-03-15 13:05:24,22.1,53.5
2026-03-15 13:05:26,22.1,53.5
2026-03-15 13:05:28,22.1,53.4
2026-03-15 13:05:30,22.1,53.4
2026-03-15 13:05:32,22.1,53.4
2026-03-15 13:05:34,22,53.4
2026-03-15 13:05:36,22,53.4
2026-03-15 13:05:38,22,53.4
2026-03-15 13:05:40,22,53.4
2026-03-15 13:05:42,22,53.4
2026-03-15 13:05:44,22,53.4
2026-03-15 13:05:46,22,53.4
2026-03-15 13:05:48,22,53.4
2026-03-15 13:05:50,22,53.4
2026-03-15 13:05:52,22,53.4
2026-03-15 13:05:54,22,53.4
2026-03-15 13:05:56,22,53.4
2026-03-15 13:05:58,22,53.4
2026-03-15 13:06:00,22,53.4
2026-03-15 13:06:02,22,53.4
2026-03-15 13:06:04,22,53.4
2026-03-15 13:06:06,22,53.4
2026-03-15 13:06:08,22,53.5
2026-03-15 13:06:10,22,53.5
2026-03-15 13:06:12,22,53.5
2026-03-15 13:06:14,22,53.5
2026-03-15 13:06:16,22,53.5
2026-03-15 13:06:18,22,53.5
2026-03-15 13:06:20,22,53.6
2026-03-15 13:06:22,22,53.6
2026-03-15 13:06:24,22,53.6
2026-03-15 13:06:26,22.1,53.6
2026-03-15 13:06:28,22.1,53.6
2026-03-15 13:06:30,22.1,53.6
2026-03-15 13:06:32,22.1,53.6
2026-03-15 13:06:34,22.1,53.6
2026-03-15 13:06:36,22.1,53.7
2026-03-15 13:06:38,22.1,53.6
2026-03-15 13:06:40,22.1,53.6
2026-03-15 13:06:42,22.1,53.6
2026-03-15 13:06:44,22.1,53.6
2026-03-15 13:06:46,22.1,53.6
2026-03-15 13:06:48,22.1,53.5
2026-03-15 13:06:50,22.1,53.5
2026-03-15 13:06:52,22.1,53.5
2026-03-15 13:06:54,22.1,53.5
2026-03-15 13:06:56,22.1,53.6
2026-03-15 13:06:58,22.1,53.6
2026-03-15 13:07:00,22.1,53.6
2026-03-15 13:07:02,22.1,53.6
2026-03-15 13:07:04,22.1,53.6
2026-03-15 13:07:06,22.1,53.6
2026-03-15 13:07:08,22.1,53.6
2026-03-15 13:07:10,22.1,53.6
2026-03-15 13:07:12,22.1,53.6
2026-03-15 13:07:14,22.1,53.6
2026-03-15 13:07:16,22.1,53.6
2026-03-15 13:07:18,22.1,53.6
2026-03-15 13:07:20,22.1,53.6
2026-03-15 13:07:22,22.1,53.6
2026-03-15 13:07:24,22.1,53.6
2026-03-15 13:07:26,22.1,53.6
2026-03-15 13:07:28,22,53.6
2026-03-15 13:07:30,22,53.6
2026-03-15 13:07:32,22,53.6
2026-03-15 13:07:34,22,53.6
2026-03-15 13:07:36,22,53.6
2026-03-15 13:07:38,22,53.6
2026-03-15 13:07:40,22,53.6
2026-03-15 13:07:42,22,53.6
2026-03-15 13:07:44,22,53.6
2026-03-15 13:07:46,22,53.6
2026-03-15 13:07:48,22,53.6
2026-03-15 13:07:50,22,53.6
2026-03-15 13:07:52,22,53.6
2026-03-15 13:07:54,22,53.6
2026-03-15 13:07:56,22,53.6
2026-03-15 13:07:58,22,53.6
2026-03-15 13:08:00,22,53.7
2026-03-15 13:08:02,22,53.7
2026-03-15 13:08:04,22,53.7
2026-03-15 13:08:06,22,53.7
2026-03-15 13:08:08,22,53.7
2026-03-15 13:08:10,22,53.7
2026-03-15 13:08:12,22,53.7
2026-03-15 13:08:14,22,53.7
2026-03-15 13:08:17,22,53.7
2026-03-15 13:08:19,22,53.7
2026-03-15 13:08:21,22,53.7
2026-03-15 13:08:23,22,53.7
2026-03-15 13:08:25,22,53.7
2026-03-15 13:08:27,22,53.7
2026-03-15 13:08:29,22,53.6
2026-03-15 13:08:31,22,53.7
2026-03-15 13:08:33,22,53.6
2026-03-15 13:08:35,22,53.7
2026-03-15 13:08:37,22,53.6
2026-03-15 13:08:39,22,53.6
2026-03-15 13:08:41,22,53.7
2026-03-15 13:08:43,22,53.7
2026-03-15 13:08:45,22,53.7
2026-03-15 13:08:47,22,53.7
2026-03-15 13:08:49,22,53.7
2026-03-15 13:08:51,22,53.7
2026-03-15 13:08:53,22,53.7
2026-03-15 13:08:55,22,53.7
2026-03-15 13:08:57,22,54.1
2026-03-15 13:08:59,22,54.8
2026-03-15 13:09:01,22,54.9
2026-03-15 13:09:03,22,54.8
2026-03-15 13:09:05,22,54.7
2026-03-15 13:09:07,22,54.9
2026-03-15 13:09:09,22,54.7
2026-03-15 13:09:11,22,54.7
2026-03-15 13:09:13,22,54.6
2026-03-15 13:09:15,22,54.5
2026-03-15 13:09:17,22,54.4
2026-03-15 13:09:19,22,54.3
2026-03-15 13:09:21,21.9,54.2
2026-03-15 13:09:23,21.9,54.1
2026-03-15 13:09:25,21.9,54.1
2026-03-15 13:09:27,21.9,54.1
2026-03-15 13:09:29,21.9,54.1
2026-03-15 13:09:31,21.9,54.1
2026-03-15 13:09:33,21.9,54.1
2026-03-15 13:09:35,21.9,54.1
2026-03-15 13:09:37,21.9,54.1
2026-03-15 13:09:39,21.9,54.1
2026-03-15 13:09:41,21.9,54.1
2026-03-15 13:09:43,21.9,54.1
2026-03-15 13:09:45,21.9,54.1
2026-03-15 13:09:47,21.9,54.7
2026-03-15 13:09:49,21.9,55.7
2026-03-15 13:09:51,21.9,56.4
2026-03-15 13:09:53,21.9,56.5
2026-03-15 13:09:55,21.9,56.1
2026-03-15 13:09:57,21.9,55.7
2026-03-15 13:09:59,21.9,55.4
2026-03-15 13:10:01,21.9,55.3
2026-03-15 13:10:03,21.9,55.2
2026-03-15 13:10:05,21.9,55
2026-03-15 13:10:07,21.9,54.9
2026-03-15 13:10:09,21.9,54.8
2026-03-15 13:10:11,21.9,54.7
2026-03-15 13:10:13,21.9,54.6
2026-03-15 13:10:15,21.9,54.6
2026-03-15 13:10:17,21.9,54.5
2026-03-15 13:10:19,21.9,54.5
2026-03-15 13:10:21,21.9,54.5
2026-03-15 13:10:23,21.9,54.4
2026-03-15 13:10:25,21.9,54.6
2026-03-15 13:10:27,21.9,55.3
2026-03-15 13:10:29,21.9,55.5
2026-03-15 13:10:31,21.9,55.6
2026-03-15 13:10:33,21.9,55.3
2026-03-15 13:10:35,21.9,55.1
2026-03-15 13:10:37,21.9,54.9
2026-03-15 13:10:39,21.9,54.7
2026-03-15 13:10:41,21.9,54.6
2026-03-15 13:10:43,21.9,54.4
2026-03-15 13:10:45,21.9,54.4
2026-03-15 13:10:47,21.9,54.4
2026-03-15 13:10:49,21.9,54.3
2026-03-15 13:10:51,21.9,54.3
2026-03-15 13:10:53,21.9,54.3
2026-03-15 13:10:55,21.9,54.6
2026-03-15 13:10:57,21.9,54.8
2026-03-15 13:10:59,21.9,54.8
2026-03-15 13:11:01,21.9,54.7
2026-03-15 13:11:03,21.9,54.7
2026-03-15 13:11:05,21.9,54.6
2026-03-15 13:11:07,21.9,54.6
2026-03-15 13:11:09,21.9,54.6
2026-03-15 13:11:11,21.9,54.5
2026-03-15 13:11:13,21.9,54.5
2026-03-15 13:11:15,21.9,54.5
2026-03-15 13:11:17,21.9,54.5
2026-03-15 13:11:19,21.9,54.6
2026-03-15 13:11:21,21.9,54.7
2026-03-15 13:11:23,22,54.7
2026-03-15 13:11:25,22,54.7
2026-03-15 13:11:27,22,54.7
2026-03-15 13:11:29,22,54.8
2026-03-15 13:11:31,22,55.2
2026-03-15 13:11:33,22,55.6
2026-03-15 13:11:35,22,55.7
2026-03-15 13:11:37,22,55.5
2026-03-15 13:11:39,22,55.2
2026-03-15 13:11:41,22,55
2026-03-15 13:11:43,22,54.8
2026-03-15 13:11:45,22,54.7
2026-03-15 13:11:47,22,54.6
2026-03-15 13:11:49,22,54.6
2026-03-15 13:11:51,22,54.6
2026-03-15 13:11:53,22,54.6
2026-03-15 13:11:55,22,54.5
2026-03-15 13:11:57,22,54.5
2026-03-15 13:11:59,22,54.4
2026-03-15 13:12:01,22,54.3
2026-03-15 13:12:03,22,54.3
2026-03-15 13:12:05,22,54.3
2026-03-15 13:12:07,22,54.3
2026-03-15 13:12:09,22,54.2
2026-03-15 13:12:11,22,54.2
2026-03-15 13:12:13,22,54.2
2026-03-15 13:12:15,22,54.2
2026-03-15 13:12:17,22,54.2
2026-03-15 13:12:19,22,54.2
2026-03-15 13:12:21,22,54.1
2026-03-15 13:12:23,22,54.1
2026-03-15 13:12:25,22,54.1
2026-03-15 13:12:27,22,54.1
2026-03-15 13:12:29,22,54.3
2026-03-15 13:12:31,22,54.6
2026-03-15 13:12:33,22,55
2026-03-15 13:12:35,22,55.3
2026-03-15 13:12:37,22,55.5
2026-03-15 13:12:39,22,55.3
2026-03-15 13:12:41,22.1,55
2026-03-15 13:12:43,22.1,54.9
2026-03-15 13:12:45,22.1,54.7
2026-03-15 13:12:47,22.1,54.6
2026-03-15 13:12:49,22.1,54.5
2026-03-15 13:12:51,22.1,54.4
2026-03-15 13:12:53,22.1,54.3
2026-03-15 13:12:55,22.1,54.3
2026-03-15 13:12:57,22.1,54.2
2026-03-15 13:12:59,22.1,54.2
2026-03-15 13:13:01,22.1,54.1
2026-03-15 13:13:03,22.1,54.1
2026-03-15 13:13:05,22.1,54
2026-03-15 13:13:07,22.1,53.9
2026-03-15 13:13:09,22.1,53.9
2026-03-15 13:13:11,22.1,53.9
2026-03-15 13:13:13,22.1,53.8
2026-03-15 13:13:15,22.1,53.8
2026-03-15 13:13:17,22.1,53.8
2026-03-15 13:13:19,22.1,53.8
2026-03-15 13:13:21,22.1,53.8
2026-03-15 13:13:23,22.1,53.8
2026-03-15 13:13:25,22.1,53.8
2026-03-15 13:13:27,22.1,53.8
2026-03-15 13:13:29,22.1,53.9
2026-03-15 13:13:31,22.1,54
2026-03-15 13:13:33,22.1,54
2026-03-15 13:13:35,22.1,53.9
2026-03-15 13:13:37,22.1,53.9
2026-03-15 13:13:39,22.1,53.9
2026-03-15 13:13:41,22.1,53.8
2026-03-15 13:13:43,22.1,53.9
2026-03-15 13:13:45,22.1,53.8
2026-03-15 13:13:47,22.1,53.8
2026-03-15 13:13:49,22.2,53.8
2026-03-15 13:13:51,22.2,53.7
2026-03-15 13:13:53,22.2,53.7
2026-03-15 13:13:55,22.2,53.7
2026-03-15 13:13:57,22.2,53.6
2026-03-15 13:13:59,22.2,53.6
2026-03-15 13:14:01,22.2,53.6
2026-03-15 13:14:03,22.2,53.6
2026-03-15 13:14:05,22.2,53.6
2026-03-15 13:14:07,22.2,53.6
2026-03-15 13:14:09,22.2,53.6
2026-03-15 13:14:11,22.2,53.5
2026-03-15 13:14:13,22.2,53.5
2026-03-15 13:14:15,22.2,53.5
2026-03-15 13:14:17,22.2,53.4
2026-03-15 13:14:19,22.2,53.4
2026-03-15 13:14:21,22.2,53.4
2026-03-15 13:14:23,22.2,53.4
2026-03-15 13:14:25,22.2,53.4
2026-03-15 13:14:27,22.3,53.4
2026-03-15 13:14:29,22.3,53.4
2026-03-15 13:14:31,22.3,53.4
2026-03-15 13:14:33,22.3,53.4
2026-03-15 13:14:35,22.3,53.3
2026-03-15 13:14:37,22.3,53.3
2026-03-15 13:14:39,22.3,53.3
2026-03-15 13:25:54,22.6,53.5
2026-03-15 13:25:56,22.6,53.5
2026-03-15 13:25:58,22.6,53.4
2026-03-15 13:26:00,22.6,53.4
2026-03-15 13:26:02,22.6,53.3
2026-03-15 13:26:04,22.5,53.4
2026-03-15 13:26:06,22.5,53.4
2026-03-15 13:26:08,22.5,53.4
2026-03-15 13:26:10,22.5,53.4
2026-03-15 13:26:12,22.5,53.7
2026-03-15 13:26:14,22.5,53.7
2026-03-15 13:26:16,22.6,53.7
2026-03-15 13:26:18,22.6,53.6
2026-03-15 13:26:20,22.5,53.6
2026-03-15 13:26:22,22.5,53.6
2026-03-15 13:26:24,22.5,53.6
2026-03-15 13:26:26,22.5,53.6
2026-03-15 13:26:28,22.5,53.6
2026-03-15 13:26:30,22.6,53.6
2026-03-15 13:26:32,22.6,53.6
2026-03-15 13:26:34,22.6,53.5
2026-03-15 13:26:36,22.6,53.5
2026-03-15 13:26:38,22.6,53.5
2026-03-15 13:26:40,22.6,53.5
2026-03-15 13:26:42,22.6,53.5
2026-03-15 13:26:44,22.6,53.4
2026-03-15 13:26:46,22.6,53.4
2026-03-15 13:26:48,22.6,53.3
2026-03-15 13:26:50,22.6,53.3
2026-03-15 13:26:52,22.6,53.3
2026-03-15 13:26:54,22.6,53.2
2026-03-15 13:26:56,22.6,53.2
2026-03-15 13:26:58,22.6,53.2
2026-03-15 13:27:00,22.6,53.2
2026-03-15 13:27:04,22.6,53.1
2026-03-15 13:27:06,22.7,53.1
2026-03-15 13:27:08,22.7,53.1
2026-03-15 13:27:10,22.6,53.1
2026-03-15 13:27:12,22.6,53.1
2026-03-15 13:27:14,22.6,53.1
2026-03-15 13:27:16,22.6,53.2
2026-03-15 13:27:18,22.6,53.2
2026-03-15 13:27:20,22.6,53.2
2026-03-15 13:27:22,22.6,53.3
2026-03-15 13:27:24,22.6,53.4
2026-03-15 13:27:26,22.6,53.4
2026-03-15 13:27:28,22.6,53.5
2026-03-15 13:27:30,22.6,53.4
2026-03-15 13:27:32,22.7,53.4
2026-03-15 13:27:34,22.7,53.3
2026-03-15 13:27:36,22.7,53.3
2026-03-15 13:27:38,22.7,53.2
2026-03-15 13:27:40,22.7,53.2
2026-03-15 13:27:42,22.7,53.1
2026-03-15 13:27:44,22.7,53.1
2026-03-15 13:27:46,22.7,53.1
2026-03-15 13:27:48,22.7,53.1
2026-03-15 13:27:52,22.7,53.1
2026-03-15 13:27:54,22.6,53
2026-03-15 13:27:56,22.6,53
2026-03-15 13:27:58,22.6,53
2026-03-15 13:28:00,22.6,53
2026-03-15 13:28:02,22.6,53
2026-03-15 13:28:04,22.6,53
2026-03-15 13:28:06,22.6,53
2026-03-15 13:28:08,22.6,53
2026-03-15 13:28:10,22.6,53
2026-03-15 13:28:12,22.6,53.1
2026-03-15 13:28:14,22.6,53.1
2026-03-15 13:28:16,22.5,53.1
2026-03-15 13:28:18,22.5,53.2
2026-03-15 13:28:20,22.5,53.2
2026-03-15 13:28:22,22.5,53.3
2026-03-15 13:28:24,22.5,53.2
2026-03-15 13:28:26,22.6,53.2
2026-03-15 13:28:28,22.6,53.3
2026-03-15 13:28:30,22.6,53.3
2026-03-15 13:28:32,22.6,53.3
2026-03-15 13:28:34,22.6,53.3
2026-03-15 13:28:36,22.6,53.3
2026-03-15 13:28:40,22.6,53.2
2026-03-15 13:28:42,22.5,53.2
2026-03-15 13:28:44,22.5,53.2
2026-03-15 13:28:46,22.5,53.2
2026-03-15 13:28:48,22.5,53.1
2026-03-15 13:28:50,22.5,53.2
2026-03-15 13:28:52,22.5,53.2
2026-03-15 13:28:54,22.5,53.2
2026-03-15 13:28:56,22.5,53.2
2026-03-15 13:28:58,22.5,53.2
2026-03-15 13:29:00,22.5,53.2
2026-03-15 13:29:02,22.5,53.2
2026-03-15 13:29:04,22.5,53.3
2026-03-15 13:29:06,22.5,53.3
2026-03-15 13:29:08,22.5,53.3
2026-03-15 13:29:10,22.5,53.3
2026-03-15 13:29:12,22.5,53.3
2026-03-15 13:29:14,22.5,53.3
2026-03-15 13:29:16,22.6,53.3
2026-03-15 13:29:18,22.6,53.3
2026-03-15 13:29:20,22.6,53.3
2026-03-15 13:29:22,22.6,53.3
2026-03-15 13:29:24,22.6,53.3
2026-03-15 13:29:26,22.6,53.2
2026-03-15 13:29:28,22.6,53.2
2026-03-15 13:29:30,22.6,53.1
2026-03-15 13:29:32,22.6,53.1
2026-03-15 13:29:34,22.6,53
2026-03-15 13:29:36,22.6,53
2026-03-15 13:29:38,22.6,53
2026-03-15 13:29:40,22.6,53
2026-03-15 13:29:42,22.6,53
2026-03-15 13:29:44,22.6,53
2026-03-15 13:29:46,22.6,53.1
2026-03-15 13:29:48,22.6,53.1
2026-03-15 13:29:50,22.6,53.1
2026-03-15 13:29:52,22.7,53.1
2026-03-15 13:29:54,22.7,53.1
2026-03-15 13:29:56,22.7,53.1
2026-03-15 13:29:58,22.7,53
2026-03-15 13:30:00,22.7,53
2026-03-15 13:30:02,22.7,53
2026-03-15 13:30:04,22.7,53
2026-03-15 13:30:06,22.7,53
2026-03-15 13:30:08,22.7,53
2026-03-15 13:30:10,22.6,53
2026-03-15 13:30:12,22.7,53
2026-03-15 13:30:16,22.6,53
2026-03-15 13:30:18,22.6,53
2026-03-15 13:30:20,22.6,53
2026-03-15 13:30:22,22.6,53.1
2026-03-15 13:30:24,22.6,53.1
2026-03-15 13:30:26,22.6,53.1
2026-03-15 13:30:28,22.6,53.1
2026-03-15 13:30:30,22.6,53.1
2026-03-15 13:30:32,22.7,53.1
2026-03-15 13:30:34,22.7,53.1
2026-03-15 13:30:36,22.7,53.1
2026-03-15 13:30:38,22.7,53.1
2026-03-15 13:30:40,22.7,53.1
2026-03-15 13:30:42,22.7,53.1
2026-03-15 13:30:44,22.6,53.1
2026-03-15 13:30:46,22.6,53.1
2026-03-15 13:30:48,22.6,53.2
2026-03-15 13:30:50,22.6,53.1
2026-03-15 13:30:52,22.6,53.2
2026-03-15 13:30:54,22.6,53.2
2026-03-15 13:30:56,22.6,53.2
2026-03-15 13:30:58,22.6,53.2
2026-03-15 13:31:00,22.6,53.2
2026-03-15 13:31:04,22.6,53.4
2026-03-15 13:31:06,22.6,53.5
2026-03-15 13:31:08,22.6,53.6
2026-03-15 13:31:10,22.6,53.6
2026-03-15 13:31:12,22.6,53.5
2026-03-15 13:31:14,22.6,53.5
2026-03-15 13:31:16,22.6,53.4
2026-03-15 13:31:18,22.6,53.4
2026-03-15 13:31:20,22.6,53.4
2026-03-15 13:31:22,22.5,53.4
2026-03-15 13:31:24,22.5,53.4
2026-03-15 13:31:26,22.5,53.4
2026-03-15 13:31:28,22.5,53.5
2026-03-15 13:31:30,22.5,53.5
2026-03-15 13:31:32,22.5,53.5
2026-03-15 13:31:34,22.5,53.5
2026-03-15 13:31:36,22.5,53.5
2026-03-15 13:31:38,22.5,53.5
2026-03-15 13:31:40,22.5,53.5
2026-03-15 13:31:42,22.5,53.5
2026-03-15 13:31:44,22.5,53.5
2026-03-15 13:31:46,22.5,53.5
2026-03-15 13:31:48,22.5,53.5
2026-03-15 13:31:50,22.5,53.5
2026-03-15 13:31:52,22.5,53.5
2026-03-15 13:31:54,22.5,53.5
2026-03-15 13:31:56,22.5,53.5
2026-03-15 13:31:58,22.6,53.4
2026-03-15 13:32:00,22.6,53.4
2026-03-15 13:32:02,22.5,53.4
2026-03-15 13:32:04,22.5,53.3
2026-03-15 13:32:06,22.5,54.7
2026-03-15 13:32:08,22.5,55.1
2026-03-15 13:32:10,22.5,54.9
2026-03-15 13:32:12,22.5,54.6
2026-03-15 13:32:14,22.5,54.4
2026-03-15 13:32:16,22.6,54.2
2026-03-15 13:32:18,22.6,54
2026-03-15 13:32:20,22.5,53.9
2026-03-15 13:32:22,22.5,53.8
2026-03-15 13:32:24,22.6,53.7
2026-03-15 13:32:26,22.6,53.7
2026-03-15 13:32:28,22.5,53.6
2026-03-15 13:32:30,22.5,53.6
2026-03-15 13:32:32,22.5,53.6
2026-03-15 13:32:34,22.5,53.5
2026-03-15 13:32:36,22.5,53.5
2026-03-15 13:32:38,22.5,53.5
2026-03-15 13:32:40,22.5,53.5
2026-03-15 13:32:42,22.5,53.5
2026-03-15 13:32:44,22.5,53.5
2026-03-15 13:32:46,22.5,53.5
2026-03-15 13:32:48,22.5,53.4
2026-03-15 13:32:50,22.5,53.4
2026-03-15 13:32:52,22.5,53.4
2026-03-15 13:32:54,22.5,53.4
2026-03-15 13:32:56,22.5,53.4
2026-03-15 13:32:58,22.5,53.5
2026-03-15 13:33:00,22.5,53.5
2026-03-15 13:33:02,22.5,53.5
2026-03-15 13:33:04,22.5,53.5
2026-03-15 13:33:06,22.5,53.5
2026-03-15 13:33:08,22.5,53.5
2026-03-15 13:33:10,22.5,53.5
2026-03-15 13:33:12,22.5,53.5
2026-03-15 13:33:14,22.5,53.5
2026-03-15 13:33:16,22.5,53.5
2026-03-15 13:33:18,22.5,53.5
2026-03-15 13:33:20,22.5,53.5
2026-03-15 13:33:22,22.5,53.4
2026-03-15 13:33:24,22.5,53.5
2026-03-15 13:33:26,22.6,53.4
2026-03-15 13:33:28,22.6,53.4
2026-03-15 13:33:30,22.6,53.4
2026-03-15 13:33:32,22.6,53.4
2026-03-15 13:33:34,22.5,53.4
2026-03-15 13:33:36,22.5,53.4
2026-03-15 13:33:38,22.5,53.4
2026-03-15 13:33:40,22.5,53.4
2026-03-15 13:33:42,22.5,53.4
2026-03-15 13:33:44,22.5,53.4
2026-03-15 13:33:46,22.5,53.4
2026-03-15 13:33:48,22.5,53.4
2026-03-15 13:33:50,22.5,53.4
2026-03-15 13:33:52,22.6,53.4
2026-03-15 13:33:54,22.6,53.4
2026-03-15 13:33:56,22.6,53.4
2026-03-15 13:33:58,22.6,53.4
2026-03-15 13:34:00,22.6,53.4
2026-03-15 13:34:02,22.6,53.4
2026-03-15 13:34:04,22.6,53.4
2026-03-15 13:34:06,22.6,53.4
2026-03-15 13:34:08,22.5,53.4
2026-03-15 13:34:10,22.6,53.5
2026-03-15 13:34:12,22.6,53.5
2026-03-15 13:34:14,22.6,53.5
2026-03-15 13:34:16,22.6,53.4
2026-03-15 13:34:18,22.6,53.4
2026-03-15 13:34:20,22.6,53.4
2026-03-15 13:34:22,22.6,53.4
2026-03-15 13:34:24,22.6,53.4
2026-03-15 13:34:26,22.6,53.4
2026-03-15 13:34:28,22.6,53.4
2026-03-15 13:34:30,22.6,53.3
2026-03-15 13:34:32,22.6,53.3
2026-03-15 13:34:34,22.6,53.3
2026-03-15 13:34:36,22.6,53.3
2026-03-15 13:34:38,22.6,53.3
2026-03-15 13:34:40,22.6,53.3
2026-03-15 13:34:42,22.6,53.4
2026-03-15 13:34:44,22.6,53.3
2026-03-15 13:34:46,22.6,53.4
2026-03-15 13:34:48,22.6,53.3
2026-03-15 13:34:50,22.6,53.3
2026-03-15 13:34:52,22.6,53.4
2026-03-15 13:34:54,22.6,53.3
2026-03-15 13:34:56,22.6,53.3
2026-03-15 13:34:58,22.6,53.4
2026-03-15 13:35:00,22.6,53.4
2026-03-15 13:35:02,22.6,53.4
2026-03-15 13:35:04,22.6,53.4
2026-03-15 13:35:06,22.6,53.5
2026-03-15 13:35:08,22.7,53.5
2026-03-15 13:35:10,22.7,53.5
2026-03-15 13:35:12,22.7,53.5
2026-03-15 13:35:14,22.7,53.5
2026-03-15 13:35:16,22.7,53.5
2026-03-15 13:35:18,22.7,53.5
2026-03-15 13:35:20,22.7,53.5
2026-03-15 13:35:22,22.7,53.5
2026-03-15 13:35:24,22.7,53.5
2026-03-15 13:35:26,22.7,53.5
2026-03-15 13:35:28,22.7,53.5
2026-03-15 13:35:30,22.7,53.4
2026-03-15 13:35:32,22.7,53.3
2026-03-15 13:35:34,22.7,53.3
2026-03-15 13:35:36,22.7,53.3
2026-03-15 13:35:38,22.7,53.2
2026-03-15 13:35:40,22.7,53.2
2026-03-15 13:35:42,22.7,53.2
2026-03-15 13:35:44,22.7,53.2
2026-03-15 13:35:46,22.7,53.1
2026-03-15 13:35:48,22.7,53.1
2026-03-15 13:35:52,22.7,53.1
2026-03-15 13:35:54,22.7,53.1
2026-03-15 13:35:56,22.7,53.2
2026-03-15 13:35:58,22.7,53.2
2026-03-15 13:36:00,22.6,53.2
2026-03-15 13:36:02,22.6,53.2
2026-03-15 13:36:04,22.7,53.2
2026-03-15 13:36:06,22.6,53.2
2026-03-15 13:36:08,22.6,53.2
2026-03-15 13:36:10,22.6,53.3
2026-03-15 13:36:12,22.6,53.3
2026-03-15 13:36:14,22.6,53.3
2026-03-15 13:36:16,22.6,53.3
2026-03-15 13:36:18,22.6,53.4
2026-03-15 13:36:20,22.6,53.4
2026-03-15 13:36:22,22.6,53.3
2026-03-15 13:36:24,22.6,53.3
2026-03-15 13:36:26,22.6,53.3
2026-03-15 13:36:28,22.7,53.3
2026-03-15 13:36:30,22.7,53.4
2026-03-15 13:36:32,22.7,53.4
2026-03-15 13:36:34,22.7,53.4
2026-03-15 13:36:36,22.7,53.4
2026-03-15 13:36:40,22.7,53.4
2026-03-15 13:36:42,22.7,53.3
2026-03-15 13:36:44,22.7,53.3
2026-03-15 13:36:46,22.7,53.3
2026-03-15 13:36:48,22.7,53.3
2026-03-15 13:36:50,22.7,53.3
2026-03-15 13:36:52,22.7,53.3
2026-03-15 13:36:54,22.7,53.3
2026-03-15 13:36:56,22.6,53.3
2026-03-15 13:36:58,22.6,53.3
2026-03-15 13:37:00,22.6,53.3
2026-03-15 13:37:02,22.6,53.3
2026-03-15 13:37:04,22.6,53.3
2026-03-15 13:37:06,22.6,53.3
2026-03-15 13:37:08,22.6,53.4
2026-03-15 13:37:10,22.6,53.4
2026-03-15 13:37:12,22.6,53.4
2026-03-15 13:37:15,22.6,53.4
2026-03-15 13:37:17,22.6,53.5
2026-03-15 13:37:19,22.6,53.5
2026-03-15 13:37:21,22.6,53.5
2026-03-15 13:37:23,22.6,53.5
2026-03-15 13:37:25,22.6,53.5
2026-03-15 13:37:29,22.6,53.5
2026-03-15 13:37:31,22.6,53.6
2026-03-15 13:37:33,22.6,53.6
2026-03-15 13:37:35,22.6,53.5
2026-03-15 13:37:37,22.6,53.5
2026-03-15 13:37:39,22.6,53.5
2026-03-15 13:37:41,22.6,53.4
2026-03-15 13:37:45,22.7,53.5
2026-03-15 13:37:47,22.7,53.4
